doc,word,score
Copy of A. Priyadarsini et al. 2023.pdf,methanol,95
Copy of A. Priyadarsini et al. 2023.pdf,methane,90
Copy of A. Priyadarsini et al. 2023.pdf,mm,89
Copy of A. Priyadarsini et al. 2023.pdf,al,83
Copy of A. Priyadarsini et al. 2023.pdf,et,79
Copy of A. Priyadarsini et al. 2023.pdf,et al,79
Copy of A. Priyadarsini et al. 2023.pdf,rice,53
Copy of A. Priyadarsini et al. 2023.pdf,methanotroph,51
Copy of A. Priyadarsini et al. 2023.pdf,production,50
Copy of A. Priyadarsini et al. 2023.pdf,field,44
Copy of A. Priyadarsini et al. 2023.pdf,rice field,42
Copy of A. Priyadarsini et al. 2023.pdf,methanol production,39
Copy of A. Priyadarsini et al. 2023.pdf,culture,38
Copy of A. Priyadarsini et al. 2023.pdf,soil,33
Copy of A. Priyadarsini et al. 2023.pdf,ph,30
Copy of A. Priyadarsini et al. 2023.pdf,batch,27
Copy of A. Priyadarsini et al. 2023.pdf,patel,27
Copy of A. Priyadarsini et al. 2023.pdf,mode,25
Copy of A. Priyadarsini et al. 2023.pdf,batch mode,24
Copy of A. Priyadarsini et al. 2023.pdf,capsulatus,24
Copy of A. Priyadarsini et al. 2023.pdf,air,23
Copy of A. Priyadarsini et al. 2023.pdf,consortium,22
Copy of A. Priyadarsini et al. 2023.pdf,field soil,22
Copy of A. Priyadarsini et al. 2023.pdf,ph mm,21
Copy of A. Priyadarsini et al. 2023.pdf,energy,20
Copy of A. Priyadarsini et al. 2023.pdf,lee,20
Copy of A. Priyadarsini et al. 2023.pdf,sample,20
Copy of A. Priyadarsini et al. 2023.pdf,bacteria,19
Copy of A. Priyadarsini et al. 2023.pdf,formate,18
Copy of A. Priyadarsini et al. 2023.pdf,natural,18
Copy of A. Priyadarsini et al. 2023.pdf,type,18
Copy of A. Priyadarsini et al. 2023.pdf,μm,18
Copy of A. Priyadarsini et al. 2023.pdf,conversion,17
Copy of A. Priyadarsini et al. 2023.pdf,methane methanol,17
Copy of A. Priyadarsini et al. 2023.pdf,methanotrophic,17
Copy of A. Priyadarsini et al. 2023.pdf,smmo,17
Copy of A. Priyadarsini et al. 2023.pdf,dna,16
Copy of A. Priyadarsini et al. 2023.pdf,microbiol,16
Copy of A. Priyadarsini et al. 2023.pdf,strain,16
Copy of A. Priyadarsini et al. 2023.pdf,technology,16
Copy of Adegbola thesis High Density Cultures.pdf,methanol,238
Copy of Adegbola thesis High Density Cultures.pdf,growth,143
Copy of Adegbola thesis High Density Cultures.pdf,cell,109
Copy of Adegbola thesis High Density Cultures.pdf,smmo,102
Copy of Adegbola thesis High Density Cultures.pdf,trichosporium,95
Copy of Adegbola thesis High Density Cultures.pdf,methane,92
Copy of Adegbola thesis High Density Cultures.pdf,biomass,91
Copy of Adegbola thesis High Density Cultures.pdf,al,89
Copy of Adegbola thesis High Density Cultures.pdf,effect,84
Copy of Adegbola thesis High Density Cultures.pdf,figure,84
Copy of Adegbola thesis High Density Cultures.pdf,et,79
Copy of Adegbola thesis High Density Cultures.pdf,et al,78
Copy of Adegbola thesis High Density Cultures.pdf,sensor,78
Copy of Adegbola thesis High Density Cultures.pdf,rate,72
Copy of Adegbola thesis High Density Cultures.pdf,activity,65
Copy of Adegbola thesis High Density Cultures.pdf,ammonium,65
Copy of Adegbola thesis High Density Cultures.pdf,yield,61
Copy of Adegbola thesis High Density Cultures.pdf,nutrient,58
Copy of Adegbola thesis High Density Cultures.pdf,methanol concentration,47
Copy of Adegbola thesis High Density Cultures.pdf,smmo activity,47
Copy of Adegbola thesis High Density Cultures.pdf,fermentation,46
Copy of Adegbola thesis High Density Cultures.pdf,table,45
Copy of Adegbola thesis High Density Cultures.pdf,density,42
Copy of Adegbola thesis High Density Cultures.pdf,feed,42
Copy of Adegbola thesis High Density Cultures.pdf,production,42
Copy of Adegbola thesis High Density Cultures.pdf,batch,41
Copy of Adegbola thesis High Density Cultures.pdf,growth rate,40
Copy of Adegbola thesis High Density Cultures.pdf,source,39
Copy of Adegbola thesis High Density Cultures.pdf,nitrogen,38
Copy of Adegbola thesis High Density Cultures.pdf,bioreactor,37
Copy of Adegbola thesis High Density Cultures.pdf,carbon,37
Copy of Adegbola thesis High Density Cultures.pdf,cultivation,37
Copy of Adegbola thesis High Density Cultures.pdf,min,37
Copy of Adegbola thesis High Density Cultures.pdf,grow,36
Copy of Adegbola thesis High Density Cultures.pdf,control,35
Copy of Adegbola thesis High Density Cultures.pdf,copper,35
Copy of Adegbola thesis High Density Cultures.pdf,methylosinus,34
Copy of Adegbola thesis High Density Cultures.pdf,methylosinus trichosporium,34
Copy of Adegbola thesis High Density Cultures.pdf,culture,32
Copy of Adegbola thesis High Density Cultures.pdf,initial,31
Copy of Ahmadi & Lackner 2024.pdf,al,142
Copy of Ahmadi & Lackner 2024.pdf,et,135
Copy of Ahmadi & Lackner 2024.pdf,et al,135
Copy of Ahmadi & Lackner 2024.pdf,methane,116
Copy of Ahmadi & Lackner 2024.pdf,methanotroph,81
Copy of Ahmadi & Lackner 2024.pdf,oxidation,62
Copy of Ahmadi & Lackner 2024.pdf,bacteria,56
Copy of Ahmadi & Lackner 2024.pdf,methanotrophic,50
Copy of Ahmadi & Lackner 2024.pdf,gene,47
Copy of Ahmadi & Lackner 2024.pdf,soil,43
Copy of Ahmadi & Lackner 2024.pdf,type,38
Copy of Ahmadi & Lackner 2024.pdf,carbon,37
Copy of Ahmadi & Lackner 2024.pdf,pathway,32
Copy of Ahmadi & Lackner 2024.pdf,methane oxidation,31
Copy of Ahmadi & Lackner 2024.pdf,microbiol,31
Copy of Ahmadi & Lackner 2024.pdf,phosphate,31
Copy of Ahmadi & Lackner 2024.pdf,lee,30
Copy of Ahmadi & Lackner 2024.pdf,growth,29
Copy of Ahmadi & Lackner 2024.pdf,doi,28
Copy of Ahmadi & Lackner 2024.pdf,anaerobic,27
Copy of Ahmadi & Lackner 2024.pdf,methanotrophic bacteria,27
Copy of Ahmadi & Lackner 2024.pdf,utilize,25
Copy of Ahmadi & Lackner 2024.pdf,microbiology,24
Copy of Ahmadi & Lackner 2024.pdf,ne,24
Copy of Ahmadi & Lackner 2024.pdf,production,24
Copy of Ahmadi & Lackner 2024.pdf,biotechnology,22
Copy of Ahmadi & Lackner 2024.pdf,source,22
Copy of Ahmadi & Lackner 2024.pdf,methanol,21
Copy of Ahmadi & Lackner 2024.pdf,microbiology biotechnology,21
Copy of Ahmadi & Lackner 2024.pdf,cell,20
Copy of Ahmadi & Lackner 2024.pdf,page,20
Copy of Ahmadi & Lackner 2024.pdf,le,19
Copy of Ahmadi & Lackner 2024.pdf,sludge,19
Copy of Ahmadi & Lackner 2024.pdf,environ,18
Copy of Ahmadi & Lackner 2024.pdf,enzyme,18
Copy of Ahmadi & Lackner 2024.pdf,novel,18
Copy of Ahmadi & Lackner 2024.pdf,paddy,18
Copy of Ahmadi & Lackner 2024.pdf,reduce,18
Copy of Ahmadi & Lackner 2024.pdf,specie,18
Copy of Ahmadi & Lackner 2024.pdf,aerobic,17
Copy of Baldo et al. 2024.pdf,meoh,185
Copy of Baldo et al. 2024.pdf,formate,142
Copy of Baldo et al. 2024.pdf,al,83
Copy of Baldo et al. 2024.pdf,production,80
Copy of Baldo et al. 2024.pdf,et,72
Copy of Baldo et al. 2024.pdf,et al,72
Copy of Baldo et al. 2024.pdf,cell,64
Copy of Baldo et al. 2024.pdf,figure,62
Copy of Baldo et al. 2024.pdf,trichosporium,61
Copy of Baldo et al. 2024.pdf,meoh production,56
Copy of Baldo et al. 2024.pdf,methanol,53
Copy of Baldo et al. 2024.pdf,reaction,51
Copy of Baldo et al. 2024.pdf,mg,44
Copy of Baldo et al. 2024.pdf,bacterial,36
Copy of Baldo et al. 2024.pdf,formate concentration,31
Copy of Baldo et al. 2024.pdf,rm,30
Copy of Baldo et al. 2024.pdf,biomass,26
Copy of Baldo et al. 2024.pdf,methane,25
Copy of Baldo et al. 2024.pdf,dry,24
Copy of Baldo et al. 2024.pdf,ph,24
Copy of Baldo et al. 2024.pdf,produce,24
Copy of Baldo et al. 2024.pdf,methylosinus,22
Copy of Baldo et al. 2024.pdf,methylosinus trichosporium,22
Copy of Baldo et al. 2024.pdf,pen,22
Copy of Baldo et al. 2024.pdf,dry biomass,21
Copy of Baldo et al. 2024.pdf,initial,21
Copy of Baldo et al. 2024.pdf,assay,20
Copy of Baldo et al. 2024.pdf,mdh,20
Copy of Baldo et al. 2024.pdf,nms,20
Copy of Baldo et al. 2024.pdf,nadh,17
Copy of Baldo et al. 2024.pdf,oxidation,17
Copy of Baldo et al. 2024.pdf,nm,16
Copy of Baldo et al. 2024.pdf,nmr,16
Copy of Baldo et al. 2024.pdf,pen et,16
Copy of Baldo et al. 2024.pdf,bacteria,15
Copy of Baldo et al. 2024.pdf,kinetic,15
Copy of Baldo et al. 2024.pdf,methanol production,15
Copy of Baldo et al. 2024.pdf,observe,15
Copy of Baldo et al. 2024.pdf,accumulation,14
Copy of Baldo et al. 2024.pdf,biotechnology,14
Copy of Bjorck et al. 2018.pdf,methanol,238
Copy of Bjorck et al. 2018.pdf,methane,229
Copy of Bjorck et al. 2018.pdf,cell,125
Copy of Bjorck et al. 2018.pdf,methanotroph,107
Copy of Bjorck et al. 2018.pdf,oxidation,91
Copy of Bjorck et al. 2018.pdf,al,79
Copy of Bjorck et al. 2018.pdf,et,75
Copy of Bjorck et al. 2018.pdf,et al,75
Copy of Bjorck et al. 2018.pdf,trichosporium,70
Copy of Bjorck et al. 2018.pdf,reaction,63
Copy of Bjorck et al. 2018.pdf,production,60
Copy of Bjorck et al. 2018.pdf,bacteria,58
Copy of Bjorck et al. 2018.pdf,mmo,54
Copy of Bjorck et al. 2018.pdf,volume,52
Copy of Bjorck et al. 2018.pdf,mm,51
Copy of Bjorck et al. 2018.pdf,energy,50
Copy of Bjorck et al. 2018.pdf,methylosinus,49
Copy of Bjorck et al. 2018.pdf,activity,47
Copy of Bjorck et al. 2018.pdf,growth,46
Copy of Bjorck et al. 2018.pdf,methylosinus trichosporium,46
Copy of Bjorck et al. 2018.pdf,enzyme,45
Copy of Bjorck et al. 2018.pdf,issue,45
Copy of Bjorck et al. 2018.pdf,carbon,44
Copy of Bjorck et al. 2018.pdf,formate,42
Copy of Bjorck et al. 2018.pdf,produce,42
Copy of Bjorck et al. 2018.pdf,culture,40
Copy of Bjorck et al. 2018.pdf,natural,40
Copy of Bjorck et al. 2018.pdf,product,40
Copy of Bjorck et al. 2018.pdf,aims,39
Copy of Bjorck et al. 2018.pdf,bioengineering,39
Copy of Bjorck et al. 2018.pdf,conversion,39
Copy of Bjorck et al. 2018.pdf,methane methanol,39
Copy of Bjorck et al. 2018.pdf,source,39
Copy of Bjorck et al. 2018.pdf,addition,38
Copy of Bjorck et al. 2018.pdf,aims bioengineering,38
Copy of Bjorck et al. 2018.pdf,potential,38
Copy of Bjorck et al. 2018.pdf,fuel,37
Copy of Bjorck et al. 2018.pdf,reduce,37
Copy of Bjorck et al. 2018.pdf,mdh,34
Copy of Bjorck et al. 2018.pdf,methanotrophic,32
Copy of Blanchette et al. 2016.pdf,pmmo,132
Copy of Blanchette et al. 2016.pdf,activity,73
Copy of Blanchette et al. 2016.pdf,membrane,63
Copy of Blanchette et al. 2016.pdf,hydrogel,62
Copy of Blanchette et al. 2016.pdf,methane,60
Copy of Blanchette et al. 2016.pdf,enzyme,59
Copy of Blanchette et al. 2016.pdf,material,57
Copy of Blanchette et al. 2016.pdf,peg,51
Copy of Blanchette et al. 2016.pdf,methanol,46
Copy of Blanchette et al. 2016.pdf,mg,33
Copy of Blanchette et al. 2016.pdf,mm,33
Copy of Blanchette et al. 2016.pdf,lattice,30
Copy of Blanchette et al. 2016.pdf,min,29
Copy of Blanchette et al. 2016.pdf,nadh,26
Copy of Blanchette et al. 2016.pdf,print,26
Copy of Blanchette et al. 2016.pdf,reaction,25
Copy of Blanchette et al. 2016.pdf,fig,24
Copy of Blanchette et al. 2016.pdf,ml,24
Copy of Blanchette et al. 2016.pdf,surface,24
Copy of Blanchette et al. 2016.pdf,liquid,23
Copy of Blanchette et al. 2016.pdf,area,22
Copy of Blanchette et al. 2016.pdf,nmol,22
Copy of Blanchette et al. 2016.pdf,polymer,22
Copy of Blanchette et al. 2016.pdf,cell,21
Copy of Blanchette et al. 2016.pdf,printing,21
Copy of Blanchette et al. 2016.pdf,reactor,20
Copy of Blanchette et al. 2016.pdf,surface area,20
Copy of Blanchette et al. 2016.pdf,ﬂow,20
Copy of Blanchette et al. 2016.pdf,buffer,19
Copy of Blanchette et al. 2016.pdf,doi,19
Copy of Blanchette et al. 2016.pdf,meoh,19
Copy of Blanchette et al. 2016.pdf,nature,19
Copy of Blanchette et al. 2016.pdf,protein,19
Copy of Blanchette et al. 2016.pdf,al,18
Copy of Blanchette et al. 2016.pdf,bind,18
Copy of Blanchette et al. 2016.pdf,cycle,18
Copy of Blanchette et al. 2016.pdf,structure,18
Copy of Blanchette et al. 2016.pdf,thin,18
Copy of Blanchette et al. 2016.pdf,volume,18
Copy of Blanchette et al. 2016.pdf,assay,17
Copy of Burrows et al 1984.pdf,mmo,55
Copy of Burrows et al 1984.pdf,soluble,45
Copy of Burrows et al 1984.pdf,particulate,42
Copy of Burrows et al 1984.pdf,trichosporium,33
Copy of Burrows et al 1984.pdf,methane,31
Copy of Burrows et al 1984.pdf,copper,29
Copy of Burrows et al 1984.pdf,al,27
Copy of Burrows et al 1984.pdf,et,26
Copy of Burrows et al 1984.pdf,organism,26
Copy of Burrows et al 1984.pdf,oxidize,25
Copy of Burrows et al 1984.pdf,particulate mmo,25
Copy of Burrows et al 1984.pdf,et al,24
Copy of Burrows et al 1984.pdf,cell,21
Copy of Burrows et al 1984.pdf,ml,21
Copy of Burrows et al 1984.pdf,substrate,21
Copy of Burrows et al 1984.pdf,wt,21
Copy of Burrows et al 1984.pdf,copper medium,19
Copy of Burrows et al 1984.pdf,grow,19
Copy of Burrows et al 1984.pdf,enzyme,18
Copy of Burrows et al 1984.pdf,oxidation,18
Copy of Burrows et al 1984.pdf,rate,18
Copy of Burrows et al 1984.pdf,soluble particulate,18
Copy of Burrows et al 1984.pdf,suspension,18
Copy of Burrows et al 1984.pdf,activity,15
Copy of Burrows et al 1984.pdf,dalton,15
Copy of Burrows et al 1984.pdf,dry,14
Copy of Burrows et al 1984.pdf,methane mono,14
Copy of Burrows et al 1984.pdf,mono,14
Copy of Burrows et al 1984.pdf,oxygenase,14
Copy of Burrows et al 1984.pdf,mm,13
Copy of Burrows et al 1984.pdf,scott,13
Copy of Burrows et al 1984.pdf,aromatic,12
Copy of Burrows et al 1984.pdf,compound,12
Copy of Burrows et al 1984.pdf,journal,12
Copy of Burrows et al 1984.pdf,min,12
Copy of Burrows et al 1984.pdf,mono oxygenase,12
Copy of Burrows et al 1984.pdf,product,12
Copy of Burrows et al 1984.pdf,soluble mmo,12
Copy of Burrows et al 1984.pdf,alicyclic,11
Copy of Burrows et al 1984.pdf,bath,11
Copy of Bursova et al 2015.pdf,acid,47
Copy of Bursova et al 2015.pdf,methanol,47
Copy of Bursova et al 2015.pdf,formic,37
Copy of Bursova et al 2015.pdf,formic acid,37
Copy of Bursova et al 2015.pdf,serum,32
Copy of Bursova et al 2015.pdf,sample,28
Copy of Bursova et al 2015.pdf,ethanol,27
Copy of Bursova et al 2015.pdf,method,26
Copy of Bursova et al 2015.pdf,headspace,24
Copy of Bursova et al 2015.pdf,min,20
Copy of Bursova et al 2015.pdf,methanol ethanol,19
Copy of Bursova et al 2015.pdf,ethanol formic,18
Copy of Bursova et al 2015.pdf,gc,16
Copy of Bursova et al 2015.pdf,ml,15
Copy of Bursova et al 2015.pdf,urine,13
Copy of Bursova et al 2015.pdf,analysis,12
Copy of Bursova et al 2015.pdf,mg,12
Copy of Bursova et al 2015.pdf,clinical,11
Copy of Bursova et al 2015.pdf,design,11
Copy of Bursova et al 2015.pdf,injection,11
Copy of Bursova et al 2015.pdf,journal,11
Copy of Bursova et al 2015.pdf,time,11
Copy of Bursova et al 2015.pdf,determination,10
Copy of Bursova et al 2015.pdf,table,10
Copy of Bursova et al 2015.pdf,accuracy,9
Copy of Bursova et al 2015.pdf,analyte,9
Copy of Bursova et al 2015.pdf,analytical,9
Copy of Bursova et al 2015.pdf,chromatography,9
Copy of Bursova et al 2015.pdf,human,9
Copy of Bursova et al 2015.pdf,poisoning,9
Copy of Bursova et al 2015.pdf,precision,9
Copy of Bursova et al 2015.pdf,preparation,9
Copy of Bursova et al 2015.pdf,day,8
Copy of Bursova et al 2015.pdf,experimental,8
Copy of Bursova et al 2015.pdf,formate,8
Copy of Bursova et al 2015.pdf,new,8
Copy of Bursova et al 2015.pdf,tion,8
Copy of Bursova et al 2015.pdf,toxicology,8
Copy of Bursova et al 2015.pdf,blood,7
Copy of Bursova et al 2015.pdf,datum,7
Copy of Cantera et al. 2016.pdf,al,69
Copy of Cantera et al. 2016.pdf,et,68
Copy of Cantera et al. 2016.pdf,et al,68
Copy of Cantera et al. 2016.pdf,rpm,41
Copy of Cantera et al. 2016.pdf,community,40
Copy of Cantera et al. 2016.pdf,methylomonas,39
Copy of Cantera et al. 2016.pdf,enrichment,36
Copy of Cantera et al. 2016.pdf,culture,29
Copy of Cantera et al. 2016.pdf,rate,29
Copy of Cantera et al. 2016.pdf,enrich,28
Copy of Cantera et al. 2016.pdf,mm,25
Copy of Cantera et al. 2016.pdf,environmental,24
Copy of Cantera et al. 2016.pdf,methane,24
Copy of Cantera et al. 2016.pdf,sediment,24
Copy of Cantera et al. 2016.pdf,kinetic,23
Copy of Cantera et al. 2016.pdf,microbial,22
Copy of Cantera et al. 2016.pdf,band,21
Copy of Cantera et al. 2016.pdf,sequence,20
Copy of Cantera et al. 2016.pdf,biodegradation,19
Copy of Cantera et al. 2016.pdf,methanotroph,18
Copy of Cantera et al. 2016.pdf,microbiol,16
Copy of Cantera et al. 2016.pdf,structure,16
Copy of Cantera et al. 2016.pdf,water,16
Copy of Cantera et al. 2016.pdf,bacteria,15
Copy of Cantera et al. 2016.pdf,culture enrich,15
Copy of Cantera et al. 2016.pdf,diversity,15
Copy of Cantera et al. 2016.pdf,effect,15
Copy of Cantera et al. 2016.pdf,gene,15
Copy of Cantera et al. 2016.pdf,ks,15
Copy of Cantera et al. 2016.pdf,soil,15
Copy of Cantera et al. 2016.pdf,type,15
Copy of Cantera et al. 2016.pdf,copper,14
Copy of Cantera et al. 2016.pdf,genus,14
Copy of Cantera et al. 2016.pdf,methanica,14
Copy of Cantera et al. 2016.pdf,methanotrophic,14
Copy of Cantera et al. 2016.pdf,methylomonas methanica,14
Copy of Cantera et al. 2016.pdf,obtain,14
Copy of Cantera et al. 2016.pdf,dna,13
Copy of Cantera et al. 2016.pdf,fig,13
Copy of Cantera et al. 2016.pdf,marine,13
Copy of Chen et al. 2021.pdf,phase,115
Copy of Chen et al. 2021.pdf,reaction,101
Copy of Chen et al. 2021.pdf,phase reaction,94
Copy of Chen et al. 2021.pdf,cell,80
Copy of Chen et al. 2021.pdf,gas phase,78
Copy of Chen et al. 2021.pdf,al,48
Copy of Chen et al. 2021.pdf,et,46
Copy of Chen et al. 2021.pdf,et al,46
Copy of Chen et al. 2021.pdf,capsulatus,42
Copy of Chen et al. 2021.pdf,bath,41
Copy of Chen et al. 2021.pdf,capsulatus bath,38
Copy of Chen et al. 2021.pdf,aqueous,37
Copy of Chen et al. 2021.pdf,aqueous phase,31
Copy of Chen et al. 2021.pdf,metabolic,31
Copy of Chen et al. 2021.pdf,microbial,26
Copy of Chen et al. 2021.pdf,metabolite,23
Copy of Chen et al. 2021.pdf,rate,23
Copy of Chen et al. 2021.pdf,analysis,22
Copy of Chen et al. 2021.pdf,methane,22
Copy of Chen et al. 2021.pdf,microbial gas,20
Copy of Chen et al. 2021.pdf,ml,20
Copy of Chen et al. 2021.pdf,level,19
Copy of Chen et al. 2021.pdf,cell gas,18
Copy of Chen et al. 2021.pdf,chen,18
Copy of Chen et al. 2021.pdf,fig,18
Copy of Chen et al. 2021.pdf,min,18
Copy of Chen et al. 2021.pdf,filter,17
Copy of Chen et al. 2021.pdf,bioreactor,16
Copy of Chen et al. 2021.pdf,liquid,15
Copy of Chen et al. 2021.pdf,metabolism,15
Copy of Chen et al. 2021.pdf,supply,15
Copy of Chen et al. 2021.pdf,technology,15
Copy of Chen et al. 2021.pdf,acid,14
Copy of Chen et al. 2021.pdf,bath cell,14
Copy of Chen et al. 2021.pdf,carbon,14
Copy of Chen et al. 2021.pdf,decrease,14
Copy of Chen et al. 2021.pdf,reactor,14
Copy of Chen et al. 2021.pdf,chen et,13
Copy of Chen et al. 2021.pdf,kg,13
Copy of Chen et al. 2021.pdf,base,12
Copy of Chen et al. 2023.pdf,cell,79
Copy of Chen et al. 2023.pdf,phase,73
Copy of Chen et al. 2023.pdf,ml,72
Copy of Chen et al. 2023.pdf,rate,61
Copy of Chen et al. 2023.pdf,membrane,55
Copy of Chen et al. 2023.pdf,chamber,54
Copy of Chen et al. 2023.pdf,bioreactor,53
Copy of Chen et al. 2023.pdf,aqueous,50
Copy of Chen et al. 2023.pdf,consumption,44
Copy of Chen et al. 2023.pdf,gas phase,41
Copy of Chen et al. 2023.pdf,nature,41
Copy of Chen et al. 2023.pdf,production,41
Copy of Chen et al. 2023.pdf,springer,41
Copy of Chen et al. 2023.pdf,time,41
Copy of Chen et al. 2023.pdf,springer nature,40
Copy of Chen et al. 2023.pdf,flow,38
Copy of Chen et al. 2023.pdf,mm,38
Copy of Chen et al. 2023.pdf,fig,37
Copy of Chen et al. 2023.pdf,liquid,37
Copy of Chen et al. 2023.pdf,filter,36
Copy of Chen et al. 2023.pdf,methane,35
Copy of Chen et al. 2023.pdf,use,34
Copy of Chen et al. 2023.pdf,content,33
Copy of Chen et al. 2023.pdf,cyclopropanol,33
Copy of Chen et al. 2023.pdf,gas chamber,33
Copy of Chen et al. 2023.pdf,al,31
Copy of Chen et al. 2023.pdf,conversion,31
Copy of Chen et al. 2023.pdf,solution,31
Copy of Chen et al. 2023.pdf,et,30
Copy of Chen et al. 2023.pdf,et al,30
Copy of Chen et al. 2023.pdf,supply,29
Copy of Chen et al. 2023.pdf,membrane bioreactor,28
Copy of Chen et al. 2023.pdf,aqueous phase,27
Copy of Chen et al. 2023.pdf,formate,27
Copy of Chen et al. 2023.pdf,term,27
Copy of Chen et al. 2023.pdf,ratio,26
Copy of Chen et al. 2023.pdf,inlet,25
Copy of Chen et al. 2023.pdf,bath,24
Copy of Chen et al. 2023.pdf,reaction,24
Copy of Chen et al. 2023.pdf,methanol,23
Copy of Duan et al. 2011.pdf,methanol,86
Copy of Duan et al. 2011.pdf,mmol,66
Copy of Duan et al. 2011.pdf,cell,55
Copy of Duan et al. 2011.pdf,methane,38
Copy of Duan et al. 2011.pdf,accumulation,33
Copy of Duan et al. 2011.pdf,phosphate,30
Copy of Duan et al. 2011.pdf,reaction,28
Copy of Duan et al. 2011.pdf,methanol accumulation,27
Copy of Duan et al. 2011.pdf,formate,26
Copy of Duan et al. 2011.pdf,sodium,24
Copy of Duan et al. 2011.pdf,sodium formate,22
Copy of Duan et al. 2011.pdf,mmol mmol,21
Copy of Duan et al. 2011.pdf,al,20
Copy of Duan et al. 2011.pdf,rate,18
Copy of Duan et al. 2011.pdf,trichosporium,18
Copy of Duan et al. 2011.pdf,dry,17
Copy of Duan et al. 2011.pdf,dry cell,17
Copy of Duan et al. 2011.pdf,fig,17
Copy of Duan et al. 2011.pdf,et,15
Copy of Duan et al. 2011.pdf,et al,15
Copy of Duan et al. 2011.pdf,phosphate concentration,14
Copy of Duan et al. 2011.pdf,membrane,13
Copy of Duan et al. 2011.pdf,methylosinus,13
Copy of Duan et al. 2011.pdf,methylosinus trichosporium,13
Copy of Duan et al. 2011.pdf,accumulate,12
Copy of Duan et al. 2011.pdf,methanol accumulate,12
Copy of Duan et al. 2011.pdf,ph,12
Copy of Duan et al. 2011.pdf,aerate,11
Copy of Duan et al. 2011.pdf,conversion,11
Copy of Duan et al. 2011.pdf,effect,11
Copy of Duan et al. 2011.pdf,concentration methanol,10
Copy of Duan et al. 2011.pdf,methane methanol,10
Copy of Duan et al. 2011.pdf,mixture,10
Copy of Duan et al. 2011.pdf,oxygen,10
Copy of Duan et al. 2011.pdf,time,10
Copy of Duan et al. 2011.pdf,concentration mmol,9
Copy of Duan et al. 2011.pdf,formate concentration,9
Copy of Duan et al. 2011.pdf,membrane aerate,9
Copy of Duan et al. 2011.pdf,mmol sodium,9
Copy of Duan et al. 2011.pdf,presence,9
Copy of Engel et al. 2024 Suppl.pdf,cultivation,11
Copy of Engel et al. 2024 Suppl.pdf,figure,11
Copy of Engel et al. 2024 Suppl.pdf,cq,9
Copy of Engel et al. 2024 Suppl.pdf,hour,9
Copy of Engel et al. 2024 Suppl.pdf,phase,8
Copy of Engel et al. 2024 Suppl.pdf,reach,8
Copy of Engel et al. 2024 Suppl.pdf,sensor,8
Copy of Engel et al. 2024 Suppl.pdf,capsulatus,7
Copy of Engel et al. 2024 Suppl.pdf,datum,7
Copy of Engel et al. 2024 Suppl.pdf,oxygen,7
Copy of Engel et al. 2024 Suppl.pdf,culture,6
Copy of Engel et al. 2024 Suppl.pdf,indicate,6
Copy of Engel et al. 2024 Suppl.pdf,start,6
Copy of Engel et al. 2024 Suppl.pdf,oq,5
Copy of Engel et al. 2024 Suppl.pdf,time,5
Copy of Engel et al. 2024 Suppl.pdf,value,5
Copy of Engel et al. 2024 Suppl.pdf,corresponding,4
Copy of Engel et al. 2024 Suppl.pdf,corresponding symbol,4
Copy of Engel et al. 2024 Suppl.pdf,datum point,4
Copy of Engel et al. 2024 Suppl.pdf,indicate corresponding,4
Copy of Engel et al. 2024 Suppl.pdf,initial,4
Copy of Engel et al. 2024 Suppl.pdf,limitation,4
Copy of Engel et al. 2024 Suppl.pdf,line,4
Copy of Engel et al. 2024 Suppl.pdf,measurement,4
Copy of Engel et al. 2024 Suppl.pdf,measurement phase,4
Copy of Engel et al. 2024 Suppl.pdf,mm,4
Copy of Engel et al. 2024 Suppl.pdf,nitrogen,4
Copy of Engel et al. 2024 Suppl.pdf,otr,4
Copy of Engel et al. 2024 Suppl.pdf,point,4
Copy of Engel et al. 2024 Suppl.pdf,point time,4
Copy of Engel et al. 2024 Suppl.pdf,shift,4
Copy of Engel et al. 2024 Suppl.pdf,symbol,4
Copy of Engel et al. 2024 Suppl.pdf,time indicate,4
Copy of Engel et al. 2024 Suppl.pdf,capsulatus cultivation,3
Copy of Engel et al. 2024 Suppl.pdf,course,3
Copy of Engel et al. 2024 Suppl.pdf,mtr,3
Copy of Engel et al. 2024 Suppl.pdf,tion,3
Copy of Engel et al. 2024 Suppl.pdf,beginning,2
Copy of Engel et al. 2024 Suppl.pdf,block,2
Copy of Engel et al. 2024 Suppl.pdf,calculation,2
Copy of Engel et al. 2024.pdf,transfer,91
Copy of Engel et al. 2024.pdf,rate,86
Copy of Engel et al. 2024.pdf,al,78
Copy of Engel et al. 2024.pdf,et,75
Copy of Engel et al. 2024.pdf,et al,75
Copy of Engel et al. 2024.pdf,transfer rate,67
Copy of Engel et al. 2024.pdf,cultivation,59
Copy of Engel et al. 2024.pdf,culture,59
Copy of Engel et al. 2024.pdf,methane,57
Copy of Engel et al. 2024.pdf,growth,49
Copy of Engel et al. 2024.pdf,nitrogen,45
Copy of Engel et al. 2024.pdf,flask,44
Copy of Engel et al. 2024.pdf,value,43
Copy of Engel et al. 2024.pdf,otr,42
Copy of Engel et al. 2024.pdf,online,41
Copy of Engel et al. 2024.pdf,capsulatus,40
Copy of Engel et al. 2024.pdf,phase,39
Copy of Engel et al. 2024.pdf,mtr,35
Copy of Engel et al. 2024.pdf,mmol,32
Copy of Engel et al. 2024.pdf,ramos,31
Copy of Engel et al. 2024.pdf,figure,30
Copy of Engel et al. 2024.pdf,measurement,30
Copy of Engel et al. 2024.pdf,device,28
Copy of Engel et al. 2024.pdf,limitation,28
Copy of Engel et al. 2024.pdf,ratio,28
Copy of Engel et al. 2024.pdf,ml,27
Copy of Engel et al. 2024.pdf,sensor,27
Copy of Engel et al. 2024.pdf,monitoring,26
Copy of Engel et al. 2024.pdf,shake,26
Copy of Engel et al. 2024.pdf,shift,26
Copy of Engel et al. 2024.pdf,change,25
Copy of Engel et al. 2024.pdf,indicate,25
Copy of Engel et al. 2024.pdf,wiley,25
Copy of Engel et al. 2024.pdf,library,24
Copy of Engel et al. 2024.pdf,online library,24
Copy of Engel et al. 2024.pdf,shake flask,24
Copy of Engel et al. 2024.pdf,wiley online,24
Copy of Engel et al. 2024.pdf,carbon,23
Copy of Engel et al. 2024.pdf,biomass,21
Copy of Engel et al. 2024.pdf,gas transfer,20
Copy of Hamilton et al. 2024.pdf,methane,210
Copy of Hamilton et al. 2024.pdf,rate,53
Copy of Hamilton et al. 2024.pdf,cell,52
Copy of Hamilton et al. 2024.pdf,flow,49
Copy of Hamilton et al. 2024.pdf,system,49
Copy of Hamilton et al. 2024.pdf,consumption,45
Copy of Hamilton et al. 2024.pdf,unit,37
Copy of Hamilton et al. 2024.pdf,test,33
Copy of Hamilton et al. 2024.pdf,emission,31
Copy of Hamilton et al. 2024.pdf,environ,30
Copy of Hamilton et al. 2024.pdf,reactor,30
Copy of Hamilton et al. 2024.pdf,flow rate,28
Copy of Hamilton et al. 2024.pdf,matrix,27
Copy of Hamilton et al. 2024.pdf,oxidation,27
Copy of Hamilton et al. 2024.pdf,figure,23
Copy of Hamilton et al. 2024.pdf,methane consumption,23
Copy of Hamilton et al. 2024.pdf,air,22
Copy of Hamilton et al. 2024.pdf,methanotrophic,21
Copy of Hamilton et al. 2024.pdf,biomass,20
Copy of Hamilton et al. 2024.pdf,potential,20
Copy of Hamilton et al. 2024.pdf,scenario,20
Copy of Hamilton et al. 2024.pdf,biofiltration,19
Copy of Hamilton et al. 2024.pdf,inlet,19
Copy of Hamilton et al. 2024.pdf,scale,19
Copy of Hamilton et al. 2024.pdf,soil,19
Copy of Hamilton et al. 2024.pdf,al,18
Copy of Hamilton et al. 2024.pdf,gas flow,18
Copy of Hamilton et al. 2024.pdf,methane oxidation,18
Copy of Hamilton et al. 2024.pdf,biofilter,17
Copy of Hamilton et al. 2024.pdf,load,17
Copy of Hamilton et al. 2024.pdf,mitigation,17
Copy of Hamilton et al. 2024.pdf,reduction,17
Copy of Hamilton et al. 2024.pdf,res,17
Copy of Hamilton et al. 2024.pdf,coal,16
Copy of Hamilton et al. 2024.pdf,et,16
Copy of Hamilton et al. 2024.pdf,et al,16
Copy of Hamilton et al. 2024.pdf,landfill,16
Copy of Hamilton et al. 2024.pdf,consume,15
Copy of Hamilton et al. 2024.pdf,filter,15
Copy of Hamilton et al. 2024.pdf,immobilization,15
Copy of Hou et al. 1984.pdf,hou,34
Copy of Hou et al. 1984.pdf,propylene,34
Copy of Hou et al. 1984.pdf,bioreactor,30
Copy of Hou et al. 1984.pdf,cell,27
Copy of Hou et al. 1984.pdf,methane,24
Copy of Hou et al. 1984.pdf,oxide,24
Copy of Hou et al. 1984.pdf,al,23
Copy of Hou et al. 1984.pdf,production,23
Copy of Hou et al. 1984.pdf,propylene oxide,23
Copy of Hou et al. 1984.pdf,et,20
Copy of Hou et al. 1984.pdf,et al,20
Copy of Hou et al. 1984.pdf,patel,19
Copy of Hou et al. 1984.pdf,regeneration,17
Copy of Hou et al. 1984.pdf,ct,15
Copy of Hou et al. 1984.pdf,dehydrogenase,15
Copy of Hou et al. 1984.pdf,hou ct,15
Copy of Hou et al. 1984.pdf,patel rn,15
Copy of Hou et al. 1984.pdf,rn,15
Copy of Hou et al. 1984.pdf,epoxidation,14
Copy of Hou et al. 1984.pdf,gas solid,14
Copy of Hou et al. 1984.pdf,solid,14
Copy of Hou et al. 1984.pdf,cofactor,13
Copy of Hou et al. 1984.pdf,gaseous,13
Copy of Hou et al. 1984.pdf,hou et,13
Copy of Hou et al. 1984.pdf,methanol,12
Copy of Hou et al. 1984.pdf,solid bioreactor,12
Copy of Hou et al. 1984.pdf,substrate,12
Copy of Hou et al. 1984.pdf,alkene,11
Copy of Hou et al. 1984.pdf,bacteria,11
Copy of Hou et al. 1984.pdf,biocatalyst,11
Copy of Hou et al. 1984.pdf,laskin,11
Copy of Hou et al. 1984.pdf,product,11
Copy of Hou et al. 1984.pdf,system,11
Copy of Hou et al. 1984.pdf,rate,10
Copy of Hou et al. 1984.pdf,sp,10
Copy of Hou et al. 1984.pdf,barnabe,9
Copy of Hou et al. 1984.pdf,crl,9
Copy of Hou et al. 1984.pdf,methylosinus,9
Copy of Hou et al. 1984.pdf,microbial,9
Copy of Hou et al. 1984.pdf,oxidation,9
Copy of Hwang et al. 2015.pdf,methane,104
Copy of Hwang et al. 2015.pdf,methanol,90
Copy of Hwang et al. 2015.pdf,copper,34
Copy of Hwang et al. 2015.pdf,cell,32
Copy of Hwang et al. 2015.pdf,conversion,32
Copy of Hwang et al. 2015.pdf,production,30
Copy of Hwang et al. 2015.pdf,trichosporium,30
Copy of Hwang et al. 2015.pdf,methane methanol,25
Copy of Hwang et al. 2015.pdf,phosphate,22
Copy of Hwang et al. 2015.pdf,methanol production,21
Copy of Hwang et al. 2015.pdf,mm,21
Copy of Hwang et al. 2015.pdf,formate,19
Copy of Hwang et al. 2015.pdf,growth,18
Copy of Hwang et al. 2015.pdf,air,17
Copy of Hwang et al. 2015.pdf,mdh,17
Copy of Hwang et al. 2015.pdf,mg,17
Copy of Hwang et al. 2015.pdf,air methane,16
Copy of Hwang et al. 2015.pdf,potassium,16
Copy of Hwang et al. 2015.pdf,potassium phosphate,16
Copy of Hwang et al. 2015.pdf,presence,16
Copy of Hwang et al. 2015.pdf,effect,15
Copy of Hwang et al. 2015.pdf,edta,14
Copy of Hwang et al. 2015.pdf,ml,14
Copy of Hwang et al. 2015.pdf,rate,14
Copy of Hwang et al. 2015.pdf,sodium,14
Copy of Hwang et al. 2015.pdf,copper concentration,13
Copy of Hwang et al. 2015.pdf,methanol conversion,13
Copy of Hwang et al. 2015.pdf,expression,12
Copy of Hwang et al. 2015.pdf,ratio,12
Copy of Hwang et al. 2015.pdf,activity,11
Copy of Hwang et al. 2015.pdf,biomass,11
Copy of Hwang et al. 2015.pdf,fig,11
Copy of Hwang et al. 2015.pdf,microbiol,11
Copy of Hwang et al. 2015.pdf,batch,10
Copy of Hwang et al. 2015.pdf,methylosinus,10
Copy of Hwang et al. 2015.pdf,methylosinus trichosporium,10
Copy of Hwang et al. 2015.pdf,propylene,10
Copy of Hwang et al. 2015.pdf,sodium formate,10
Copy of Hwang et al. 2015.pdf,supply,10
Copy of Hwang et al. 2015.pdf,biotechnol,9
Copy of Jiang et al. 2023.pdf,methanol,110
Copy of Jiang et al. 2023.pdf,cell,74
Copy of Jiang et al. 2023.pdf,fig,55
Copy of Jiang et al. 2023.pdf,ml,53
Copy of Jiang et al. 2023.pdf,air,44
Copy of Jiang et al. 2023.pdf,ratio,42
Copy of Jiang et al. 2023.pdf,air ratio,39
Copy of Jiang et al. 2023.pdf,conversion,36
Copy of Jiang et al. 2023.pdf,production,33
Copy of Jiang et al. 2023.pdf,different,32
Copy of Jiang et al. 2023.pdf,energy,32
Copy of Jiang et al. 2023.pdf,biogas,31
Copy of Jiang et al. 2023.pdf,mg,30
Copy of Jiang et al. 2023.pdf,ph,29
Copy of Jiang et al. 2023.pdf,growth,28
Copy of Jiang et al. 2023.pdf,formate,26
Copy of Jiang et al. 2023.pdf,obtain,26
Copy of Jiang et al. 2023.pdf,addition,25
Copy of Jiang et al. 2023.pdf,cell growth,25
Copy of Jiang et al. 2023.pdf,methanol production,25
Copy of Jiang et al. 2023.pdf,methanotroph,25
Copy of Jiang et al. 2023.pdf,phosphate,24
Copy of Jiang et al. 2023.pdf,yield,24
Copy of Jiang et al. 2023.pdf,mmol,23
Copy of Jiang et al. 2023.pdf,effect,22
Copy of Jiang et al. 2023.pdf,methanol concentration,21
Copy of Jiang et al. 2023.pdf,methanol conversion,21
Copy of Jiang et al. 2023.pdf,headspace,20
Copy of Jiang et al. 2023.pdf,methanotrophic,20
Copy of Jiang et al. 2023.pdf,anaerobic,19
Copy of Jiang et al. 2023.pdf,cell yield,19
Copy of Jiang et al. 2023.pdf,efficiency,19
Copy of Jiang et al. 2023.pdf,liquid,19
Copy of Jiang et al. 2023.pdf,analysis,17
Copy of Jiang et al. 2023.pdf,conversion efficiency,17
Copy of Jiang et al. 2023.pdf,mol,17
Copy of Jiang et al. 2023.pdf,renewable,17
Copy of Jiang et al. 2023.pdf,methane,16
Copy of Jiang et al. 2023.pdf,sequence,15
Copy of Jiang et al. 2023.pdf,stress,15
Copy of Joseph et al. 2022.pdf,methanol,140
Copy of Joseph et al. 2022.pdf,sample,132
Copy of Joseph et al. 2022.pdf,ethanol,102
Copy of Joseph et al. 2022.pdf,method,66
Copy of Joseph et al. 2022.pdf,methanol ethanol,65
Copy of Joseph et al. 2022.pdf,extraction,64
Copy of Joseph et al. 2022.pdf,salt,61
Copy of Joseph et al. 2022.pdf,solvent,58
Copy of Joseph et al. 2022.pdf,analysis,45
Copy of Joseph et al. 2022.pdf,technique,45
Copy of Joseph et al. 2022.pdf,attain,43
Copy of Joseph et al. 2022.pdf,analyte,40
Copy of Joseph et al. 2022.pdf,present,36
Copy of Joseph et al. 2022.pdf,fermentation,34
Copy of Joseph et al. 2022.pdf,combination,33
Copy of Joseph et al. 2022.pdf,ee,33
Copy of Joseph et al. 2022.pdf,acetate,32
Copy of Joseph et al. 2022.pdf,peak,32
Copy of Joseph et al. 2022.pdf,value,32
Copy of Joseph et al. 2022.pdf,calibration,31
Copy of Joseph et al. 2022.pdf,curve,31
Copy of Joseph et al. 2022.pdf,ethyl,31
Copy of Joseph et al. 2022.pdf,ethyl acetate,31
Copy of Joseph et al. 2022.pdf,gc,30
Copy of Joseph et al. 2022.pdf,acs,29
Copy of Joseph et al. 2022.pdf,extract,29
Copy of Joseph et al. 2022.pdf,pastoris,29
Copy of Joseph et al. 2022.pdf,quantification,29
Copy of Joseph et al. 2022.pdf,water,28
Copy of Joseph et al. 2022.pdf,phase,27
Copy of Joseph et al. 2022.pdf,select,27
Copy of Joseph et al. 2022.pdf,ml,26
Copy of Joseph et al. 2022.pdf,calibration curve,25
Copy of Joseph et al. 2022.pdf,range,25
Copy of Joseph et al. 2022.pdf,separation,25
Copy of Joseph et al. 2022.pdf,standard,25
Copy of Joseph et al. 2022.pdf,estimate,24
Copy of Joseph et al. 2022.pdf,matrix,24
Copy of Joseph et al. 2022.pdf,organic,24
Copy of Joseph et al. 2022.pdf,table,24
Copy of Jovanovic et al 2021 (part II).pdf,time,139
Copy of Jovanovic et al 2021 (part II).pdf,characteristic,92
Copy of Jovanovic et al 2021 (part II).pdf,liquid,83
Copy of Jovanovic et al 2021 (part II).pdf,phase,78
Copy of Jovanovic et al 2021 (part II).pdf,gel,76
Copy of Jovanovic et al 2021 (part II).pdf,characteristic time,73
Copy of Jovanovic et al 2021 (part II).pdf,bioreactor,64
Copy of Jovanovic et al 2021 (part II).pdf,biomass,56
Copy of Jovanovic et al 2021 (part II).pdf,reactor,54
Copy of Jovanovic et al 2021 (part II).pdf,al,50
Copy of Jovanovic et al 2021 (part II).pdf,cell,49
Copy of Jovanovic et al 2021 (part II).pdf,rate,47
Copy of Jovanovic et al 2021 (part II).pdf,substrate,47
Copy of Jovanovic et al 2021 (part II).pdf,growth,45
Copy of Jovanovic et al 2021 (part II).pdf,et,40
Copy of Jovanovic et al 2021 (part II).pdf,et al,40
Copy of Jovanovic et al 2021 (part II).pdf,base,39
Copy of Jovanovic et al 2021 (part II).pdf,bubble,39
Copy of Jovanovic et al 2021 (part II).pdf,product,39
Copy of Jovanovic et al 2021 (part II).pdf,ﬁlm,38
Copy of Jovanovic et al 2021 (part II).pdf,design,37
Copy of Jovanovic et al 2021 (part II).pdf,microbial,36
Copy of Jovanovic et al 2021 (part II).pdf,engineering,35
Copy of Jovanovic et al 2021 (part II).pdf,jovanovic,35
Copy of Jovanovic et al 2021 (part II).pdf,analysis,34
Copy of Jovanovic et al 2021 (part II).pdf,diffusion,31
Copy of Jovanovic et al 2021 (part II).pdf,mass,31
Copy of Jovanovic et al 2021 (part II).pdf,methane,31
Copy of Jovanovic et al 2021 (part II).pdf,microscale,30
Copy of Jovanovic et al 2021 (part II).pdf,scale,30
Copy of Jovanovic et al 2021 (part II).pdf,equation,29
Copy of Jovanovic et al 2021 (part II).pdf,microscale base,28
Copy of Jovanovic et al 2021 (part II).pdf,plazl,28
Copy of Jovanovic et al 2021 (part II).pdf,intensiﬁcation,27
Copy of Jovanovic et al 2021 (part II).pdf,oxygen,27
Copy of Jovanovic et al 2021 (part II).pdf,model,25
Copy of Jovanovic et al 2021 (part II).pdf,chemical engineering,24
Copy of Jovanovic et al 2021 (part II).pdf,smrt,24
Copy of Jovanovic et al 2021 (part II).pdf,sp,24
Copy of Jovanovic et al 2021 (part II).pdf,ﬂow,24
Copy of Jovanovic et al. 2021 (part I).pdf,time,113
Copy of Jovanovic et al. 2021 (part I).pdf,characteristic,81
Copy of Jovanovic et al. 2021 (part I).pdf,reaction,58
Copy of Jovanovic et al. 2021 (part I).pdf,scale,43
Copy of Jovanovic et al. 2021 (part I).pdf,surface,40
Copy of Jovanovic et al. 2021 (part I).pdf,characteristic time,39
Copy of Jovanovic et al. 2021 (part I).pdf,catalyst,38
Copy of Jovanovic et al. 2021 (part I).pdf,eqs,36
Copy of Jovanovic et al. 2021 (part I).pdf,analysis,33
Copy of Jovanovic et al. 2021 (part I).pdf,reactor,32
Copy of Jovanovic et al. 2021 (part I).pdf,time scale,31
Copy of Jovanovic et al. 2021 (part I).pdf,step,30
Copy of Jovanovic et al. 2021 (part I).pdf,base,29
Copy of Jovanovic et al. 2021 (part I).pdf,diffusion,29
Copy of Jovanovic et al. 2021 (part I).pdf,times,26
Copy of Jovanovic et al. 2021 (part I).pdf,fig,25
Copy of Jovanovic et al. 2021 (part I).pdf,rate,25
Copy of Jovanovic et al. 2021 (part I).pdf,characteristic times,24
Copy of Jovanovic et al. 2021 (part I).pdf,vr,24
Copy of Jovanovic et al. 2021 (part I).pdf,equation,23
Copy of Jovanovic et al. 2021 (part I).pdf,specie,23
Copy of Jovanovic et al. 2021 (part I).pdf,scale analysis,22
Copy of Jovanovic et al. 2021 (part I).pdf,kinetic,21
Copy of Jovanovic et al. 2021 (part I).pdf,engineering,20
Copy of Jovanovic et al. 2021 (part I).pdf,da,19
Copy of Jovanovic et al. 2021 (part I).pdf,microscale,18
Copy of Jovanovic et al. 2021 (part I).pdf,reaction process,18
Copy of Jovanovic et al. 2021 (part I).pdf,microscale base,17
Copy of Jovanovic et al. 2021 (part I).pdf,al,16
Copy of Jovanovic et al. 2021 (part I).pdf,parameter,16
Copy of Jovanovic et al. 2021 (part I).pdf,constant,15
Copy of Jovanovic et al. 2021 (part I).pdf,et,15
Copy of Jovanovic et al. 2021 (part I).pdf,et al,15
Copy of Jovanovic et al. 2021 (part I).pdf,mass,15
Copy of Jovanovic et al. 2021 (part I).pdf,plazl,15
Copy of Jovanovic et al. 2021 (part I).pdf,represent,15
Copy of Jovanovic et al. 2021 (part I).pdf,design,14
Copy of Jovanovic et al. 2021 (part I).pdf,mean,14
Copy of Jovanovic et al. 2021 (part I).pdf,solid,14
Copy of Jovanovic et al. 2021 (part I).pdf,active,13
Copy of Kim et al. 2010.pdf,methanol,89
Copy of Kim et al. 2010.pdf,mm,60
Copy of Kim et al. 2010.pdf,nacl,37
Copy of Kim et al. 2010.pdf,cell,32
Copy of Kim et al. 2010.pdf,production,30
Copy of Kim et al. 2010.pdf,methane,29
Copy of Kim et al. 2010.pdf,edta,27
Copy of Kim et al. 2010.pdf,ml,25
Copy of Kim et al. 2010.pdf,reaction,25
Copy of Kim et al. 2010.pdf,trichosporium,22
Copy of Kim et al. 2010.pdf,methanol production,21
Copy of Kim et al. 2010.pdf,mm nacl,19
Copy of Kim et al. 2010.pdf,mdh,18
Copy of Kim et al. 2010.pdf,mixture,18
Copy of Kim et al. 2010.pdf,flask,16
Copy of Kim et al. 2010.pdf,air,14
Copy of Kim et al. 2010.pdf,fig,14
Copy of Kim et al. 2010.pdf,nacl mm,14
Copy of Kim et al. 2010.pdf,batch,13
Copy of Kim et al. 2010.pdf,scale,13
Copy of Kim et al. 2010.pdf,kim,12
Copy of Kim et al. 2010.pdf,lab,12
Copy of Kim et al. 2010.pdf,lab scale,12
Copy of Kim et al. 2010.pdf,mm edta,12
Copy of Kim et al. 2010.pdf,reactor,12
Copy of Kim et al. 2010.pdf,activity,11
Copy of Kim et al. 2010.pdf,effect,11
Copy of Kim et al. 2010.pdf,buffer,10
Copy of Kim et al. 2010.pdf,edta mm,10
Copy of Kim et al. 2010.pdf,methylosinus,10
Copy of Kim et al. 2010.pdf,dry,9
Copy of Kim et al. 2010.pdf,dry cell,9
Copy of Kim et al. 2010.pdf,electron,9
Copy of Kim et al. 2010.pdf,inhibit,9
Copy of Kim et al. 2010.pdf,methylosinus trichosporium,9
Copy of Kim et al. 2010.pdf,produce,9
Copy of Kim et al. 2010.pdf,reaction mixture,9
Copy of Kim et al. 2010.pdf,repeat,9
Copy of Kim et al. 2010.pdf,formate,8
Copy of Kim et al. 2010.pdf,mm sodium,8
Copy of Kim et al. 2021 - Biogas from Wastewater Sludge.pdf,methanotroph,155
Copy of Kim et al. 2021 - Biogas from Wastewater Sludge.pdf,methanol,118
Copy of Kim et al. 2021 - Biogas from Wastewater Sludge.pdf,type,107
Copy of Kim et al. 2021 - Biogas from Wastewater Sludge.pdf,methane,84
Copy of Kim et al. 2021 - Biogas from Wastewater Sludge.pdf,bacterial,83
Copy of Kim et al. 2021 - Biogas from Wastewater Sludge.pdf,ratio,66
Copy of Kim et al. 2021 - Biogas from Wastewater Sludge.pdf,community,61
Copy of Kim et al. 2021 - Biogas from Wastewater Sludge.pdf,type methanotroph,60
Copy of Kim et al. 2021 - Biogas from Wastewater Sludge.pdf,reduce,56
Copy of Kim et al. 2021 - Biogas from Wastewater Sludge.pdf,bacteria,55
Copy of Kim et al. 2021 - Biogas from Wastewater Sludge.pdf,strain,55
Copy of Kim et al. 2021 - Biogas from Wastewater Sludge.pdf,culture,54
Copy of Kim et al. 2021 - Biogas from Wastewater Sludge.pdf,biogas,51
Copy of Kim et al. 2021 - Biogas from Wastewater Sludge.pdf,bacterial community,49
Copy of Kim et al. 2021 - Biogas from Wastewater Sludge.pdf,oxidize,48
Copy of Kim et al. 2021 - Biogas from Wastewater Sludge.pdf,production,46
Copy of Kim et al. 2021 - Biogas from Wastewater Sludge.pdf,nadh,43
Copy of Kim et al. 2021 - Biogas from Wastewater Sludge.pdf,figure,40
Copy of Kim et al. 2021 - Biogas from Wastewater Sludge.pdf,methanol production,38
Copy of Kim et al. 2021 - Biogas from Wastewater Sludge.pdf,cell,37
Copy of Kim et al. 2021 - Biogas from Wastewater Sludge.pdf,crossref,35
Copy of Kim et al. 2021 - Biogas from Wastewater Sludge.pdf,equivalent,34
Copy of Kim et al. 2021 - Biogas from Wastewater Sludge.pdf,methylocystis,34
Copy of Kim et al. 2021 - Biogas from Wastewater Sludge.pdf,reduce equivalent,34
Copy of Kim et al. 2021 - Biogas from Wastewater Sludge.pdf,specie,33
Copy of Kim et al. 2021 - Biogas from Wastewater Sludge.pdf,ammonia,32
Copy of Kim et al. 2021 - Biogas from Wastewater Sludge.pdf,ii,31
Copy of Kim et al. 2021 - Biogas from Wastewater Sludge.pdf,oxidize bacteria,29
Copy of Kim et al. 2021 - Biogas from Wastewater Sludge.pdf,biological,27
Copy of Kim et al. 2021 - Biogas from Wastewater Sludge.pdf,phb,27
Copy of Kim et al. 2021 - Biogas from Wastewater Sludge.pdf,type ii,27
Copy of Kim et al. 2021 - Biogas from Wastewater Sludge.pdf,ml,25
Copy of Kim et al. 2021 - Biogas from Wastewater Sludge.pdf,carbon,24
Copy of Kim et al. 2021 - Biogas from Wastewater Sludge.pdf,catalyst,24
Copy of Kim et al. 2021 - Biogas from Wastewater Sludge.pdf,use,24
Copy of Kim et al. 2021 - Biogas from Wastewater Sludge.pdf,wastewater,24
Copy of Kim et al. 2021 - Biogas from Wastewater Sludge.pdf,formate,23
Copy of Kim et al. 2021 - Biogas from Wastewater Sludge.pdf,oxidation,23
Copy of Kim et al. 2021 - Biogas from Wastewater Sludge.pdf,produce,22
Copy of Kim et al. 2021 - Biogas from Wastewater Sludge.pdf,ams,21
Copy of Kulkarni et al. 2021.pdf,methanol,197
Copy of Kulkarni et al. 2021.pdf,methane,128
Copy of Kulkarni et al. 2021.pdf,production,86
Copy of Kulkarni et al. 2021.pdf,methanotroph,81
Copy of Kulkarni et al. 2021.pdf,methanol production,77
Copy of Kulkarni et al. 2021.pdf,biogas,54
Copy of Kulkarni et al. 2021.pdf,formate,46
Copy of Kulkarni et al. 2021.pdf,alcaliphilum,39
Copy of Kulkarni et al. 2021.pdf,cell,38
Copy of Kulkarni et al. 2021.pdf,biotransformation,37
Copy of Kulkarni et al. 2021.pdf,activity,35
Copy of Kulkarni et al. 2021.pdf,fig,33
Copy of Kulkarni et al. 2021.pdf,mg,30
Copy of Kulkarni et al. 2021.pdf,trichosporium,30
Copy of Kulkarni et al. 2021.pdf,strain,28
Copy of Kulkarni et al. 2021.pdf,mmol,27
Copy of Kulkarni et al. 2021.pdf,tolerance,27
Copy of Kulkarni et al. 2021.pdf,methane methanol,26
Copy of Kulkarni et al. 2021.pdf,select,26
Copy of Kulkarni et al. 2021.pdf,sodium,26
Copy of Kulkarni et al. 2021.pdf,mmo,25
Copy of Kulkarni et al. 2021.pdf,reaction,25
Copy of Kulkarni et al. 2021.pdf,conversion,24
Copy of Kulkarni et al. 2021.pdf,inhibitor,24
Copy of Kulkarni et al. 2021.pdf,methanol tolerance,24
Copy of Kulkarni et al. 2021.pdf,enzyme,23
Copy of Kulkarni et al. 2021.pdf,methanotrophic,23
Copy of Kulkarni et al. 2021.pdf,presence,23
Copy of Kulkarni et al. 2021.pdf,culture,22
Copy of Kulkarni et al. 2021.pdf,produce,22
Copy of Kulkarni et al. 2021.pdf,report,22
Copy of Kulkarni et al. 2021.pdf,sodium formate,22
Copy of Kulkarni et al. 2021.pdf,base,21
Copy of Kulkarni et al. 2021.pdf,fermentor,21
Copy of Kulkarni et al. 2021.pdf,group,21
Copy of Kulkarni et al. 2021.pdf,observe,21
Copy of Kulkarni et al. 2021.pdf,oxygen,19
Copy of Kulkarni et al. 2021.pdf,pure,19
Copy of Kulkarni et al. 2021.pdf,find,18
Copy of Kulkarni et al. 2021.pdf,methanica,18
Copy of Kumar et al. 2019.pdf,methanol,57
Copy of Kumar et al. 2019.pdf,cell,34
Copy of Kumar et al. 2019.pdf,fuel,33
Copy of Kumar et al. 2019.pdf,methane,33
Copy of Kumar et al. 2019.pdf,methanotroph,25
Copy of Kumar et al. 2019.pdf,microbial,24
Copy of Kumar et al. 2019.pdf,fuel cell,23
Copy of Kumar et al. 2019.pdf,microbial fuel,22
Copy of Kumar et al. 2019.pdf,biogas,21
Copy of Kumar et al. 2019.pdf,production,21
Copy of Kumar et al. 2019.pdf,formate,20
Copy of Kumar et al. 2019.pdf,nitrate,19
Copy of Kumar et al. 2019.pdf,phosphate,18
Copy of Kumar et al. 2019.pdf,salt,18
Copy of Kumar et al. 2019.pdf,iop,17
Copy of Kumar et al. 2019.pdf,mineral,17
Copy of Kumar et al. 2019.pdf,mineral salt,17
Copy of Kumar et al. 2019.pdf,nitrate mineral,17
Copy of Kumar et al. 2019.pdf,solid,14
Copy of Kumar et al. 2019.pdf,air,13
Copy of Kumar et al. 2019.pdf,anaerobic,13
Copy of Kumar et al. 2019.pdf,reactor,13
Copy of Kumar et al. 2019.pdf,chloride,12
Copy of Kumar et al. 2019.pdf,inhibitor,12
Copy of Kumar et al. 2019.pdf,isolation,12
Copy of Kumar et al. 2019.pdf,ml,12
Copy of Kumar et al. 2019.pdf,production methanol,12
Copy of Kumar et al. 2019.pdf,solid state,12
Copy of Kumar et al. 2019.pdf,state,12
Copy of Kumar et al. 2019.pdf,conversion,11
Copy of Kumar et al. 2019.pdf,mdh,11
Copy of Kumar et al. 2019.pdf,mg,11
Copy of Kumar et al. 2019.pdf,select,11
Copy of Kumar et al. 2019.pdf,bioga,10
Copy of Kumar et al. 2019.pdf,dehydrogenase,10
Copy of Kumar et al. 2019.pdf,energy,10
Copy of Kumar et al. 2019.pdf,quantity,10
Copy of Kumar et al. 2019.pdf,carbon,9
Copy of Kumar et al. 2019.pdf,earth,9
Copy of Kumar et al. 2019.pdf,ratio,9
Copy of Markowska & Michalkiewicz 2009.pdf,methane,86
Copy of Markowska & Michalkiewicz 2009.pdf,methanol,74
Copy of Markowska & Michalkiewicz 2009.pdf,oxidation,44
Copy of Markowska & Michalkiewicz 2009.pdf,bacteria,41
Copy of Markowska & Michalkiewicz 2009.pdf,copper,28
Copy of Markowska & Michalkiewicz 2009.pdf,doi,27
Copy of Markowska & Michalkiewicz 2009.pdf,methylosinus,21
Copy of Markowska & Michalkiewicz 2009.pdf,trichosporium,21
Copy of Markowska & Michalkiewicz 2009.pdf,author,19
Copy of Markowska & Michalkiewicz 2009.pdf,methane methanol,18
Copy of Markowska & Michalkiewicz 2009.pdf,al,17
Copy of Markowska & Michalkiewicz 2009.pdf,growth,17
Copy of Markowska & Michalkiewicz 2009.pdf,methane oxidation,17
Copy of Markowska & Michalkiewicz 2009.pdf,methylosinus trichosporium,17
Copy of Markowska & Michalkiewicz 2009.pdf,partial,16
Copy of Markowska & Michalkiewicz 2009.pdf,et,15
Copy of Markowska & Michalkiewicz 2009.pdf,et al,15
Copy of Markowska & Michalkiewicz 2009.pdf,oxidation methane,15
Copy of Markowska & Michalkiewicz 2009.pdf,fig,14
Copy of Markowska & Michalkiewicz 2009.pdf,partial oxidation,14
Copy of Markowska & Michalkiewicz 2009.pdf,day,13
Copy of Markowska & Michalkiewicz 2009.pdf,mol,13
Copy of Markowska & Michalkiewicz 2009.pdf,oxygen,13
Copy of Markowska & Michalkiewicz 2009.pdf,copy,12
Copy of Markowska & Michalkiewicz 2009.pdf,content,11
Copy of Markowska & Michalkiewicz 2009.pdf,culture,11
Copy of Markowska & Michalkiewicz 2009.pdf,form,11
Copy of Markowska & Michalkiewicz 2009.pdf,monooxygenase,11
Copy of Markowska & Michalkiewicz 2009.pdf,oxidize,11
Copy of Markowska & Michalkiewicz 2009.pdf,reaction,11
Copy of Markowska & Michalkiewicz 2009.pdf,biomass,10
Copy of Markowska & Michalkiewicz 2009.pdf,carry,10
Copy of Markowska & Michalkiewicz 2009.pdf,cell,10
Copy of Markowska & Michalkiewicz 2009.pdf,copper concentration,10
Copy of Markowska & Michalkiewicz 2009.pdf,michalkiewicz,10
Copy of Markowska & Michalkiewicz 2009.pdf,nutrient,10
Copy of Markowska & Michalkiewicz 2009.pdf,nutrient medium,10
Copy of Markowska & Michalkiewicz 2009.pdf,reactor,10
Copy of Markowska & Michalkiewicz 2009.pdf,catalysis,9
Copy of Markowska & Michalkiewicz 2009.pdf,journal,9
Copy of Mehta et al. 1991.pdf,cell,88
Copy of Mehta et al. 1991.pdf,methanol,72
Copy of Mehta et al. 1991.pdf,rate,34
Copy of Mehta et al. 1991.pdf,formate,31
Copy of Mehta et al. 1991.pdf,mm,31
Copy of Mehta et al. 1991.pdf,methane,26
Copy of Mehta et al. 1991.pdf,immobilized,24
Copy of Mehta et al. 1991.pdf,phosphate,24
Copy of Mehta et al. 1991.pdf,pmol,21
Copy of Mehta et al. 1991.pdf,accumulation,20
Copy of Mehta et al. 1991.pdf,continuous,20
Copy of Mehta et al. 1991.pdf,activity,19
Copy of Mehta et al. 1991.pdf,buffer,19
Copy of Mehta et al. 1991.pdf,reactor,19
Copy of Mehta et al. 1991.pdf,supply,19
Copy of Mehta et al. 1991.pdf,methanol accumulation,17
Copy of Mehta et al. 1991.pdf,immobilized cell,16
Copy of Mehta et al. 1991.pdf,ml,16
Copy of Mehta et al. 1991.pdf,batch,15
Copy of Mehta et al. 1991.pdf,biosynthesis,15
Copy of Mehta et al. 1991.pdf,mg,15
Copy of Mehta et al. 1991.pdf,phosphate buffer,14
Copy of Mehta et al. 1991.pdf,free,13
Copy of Mehta et al. 1991.pdf,cellulose,12
Copy of Mehta et al. 1991.pdf,figure,12
Copy of Mehta et al. 1991.pdf,ion,12
Copy of Mehta et al. 1991.pdf,methanol biosynthesis,12
Copy of Mehta et al. 1991.pdf,mg cell,12
Copy of Mehta et al. 1991.pdf,oxygen,12
Copy of Mehta et al. 1991.pdf,mmo,11
Copy of Mehta et al. 1991.pdf,sodium,11
Copy of Mehta et al. 1991.pdf,time,11
Copy of Mehta et al. 1991.pdf,trichosporium,10
Copy of Mehta et al. 1991.pdf,deae,9
Copy of Mehta et al. 1991.pdf,deae cellulose,9
Copy of Mehta et al. 1991.pdf,experiment,9
Copy of Mehta et al. 1991.pdf,indicate,9
Copy of Mehta et al. 1991.pdf,mm phosphate,9
Copy of Mehta et al. 1991.pdf,ph,9
Copy of Mehta et al. 1991.pdf,addition,8
Copy of Methane Biocatalysis - Selecting the Right Microbe.pdf,methane,170
Copy of Methane Biocatalysis - Selecting the Right Microbe.pdf,methanotroph,82
Copy of Methane Biocatalysis - Selecting the Right Microbe.pdf,microbiol,63
Copy of Methane Biocatalysis - Selecting the Right Microbe.pdf,pathway,60
Copy of Methane Biocatalysis - Selecting the Right Microbe.pdf,culture,58
Copy of Methane Biocatalysis - Selecting the Right Microbe.pdf,oxidation,55
Copy of Methane Biocatalysis - Selecting the Right Microbe.pdf,methanotrophic,48
Copy of Methane Biocatalysis - Selecting the Right Microbe.pdf,et,45
Copy of Methane Biocatalysis - Selecting the Right Microbe.pdf,al,44
Copy of Methane Biocatalysis - Selecting the Right Microbe.pdf,et al,43
Copy of Methane Biocatalysis - Selecting the Right Microbe.pdf,growth,41
Copy of Methane Biocatalysis - Selecting the Right Microbe.pdf,conversion,40
Copy of Methane Biocatalysis - Selecting the Right Microbe.pdf,pmmo,40
Copy of Methane Biocatalysis - Selecting the Right Microbe.pdf,microbe,35
Copy of Methane Biocatalysis - Selecting the Right Microbe.pdf,nov,33
Copy of Methane Biocatalysis - Selecting the Right Microbe.pdf,bacteria,31
Copy of Methane Biocatalysis - Selecting the Right Microbe.pdf,genome,31
Copy of Methane Biocatalysis - Selecting the Right Microbe.pdf,carbon,30
Copy of Methane Biocatalysis - Selecting the Right Microbe.pdf,emp,30
Copy of Methane Biocatalysis - Selecting the Right Microbe.pdf,methane oxidation,30
Copy of Methane Biocatalysis - Selecting the Right Microbe.pdf,rump,30
Copy of Methane Biocatalysis - Selecting the Right Microbe.pdf,sp,30
Copy of Methane Biocatalysis - Selecting the Right Microbe.pdf,anaerobic,29
Copy of Methane Biocatalysis - Selecting the Right Microbe.pdf,group,29
Copy of Methane Biocatalysis - Selecting the Right Microbe.pdf,sc,28
Copy of Methane Biocatalysis - Selecting the Right Microbe.pdf,strain,27
Copy of Methane Biocatalysis - Selecting the Right Microbe.pdf,cycle,26
Copy of Methane Biocatalysis - Selecting the Right Microbe.pdf,enzyme,26
Copy of Methane Biocatalysis - Selecting the Right Microbe.pdf,phosphate,26
Copy of Methane Biocatalysis - Selecting the Right Microbe.pdf,biocatalysis,25
Copy of Methane Biocatalysis - Selecting the Right Microbe.pdf,collection,23
Copy of Methane Biocatalysis - Selecting the Right Microbe.pdf,culture collection,23
Copy of Methane Biocatalysis - Selecting the Right Microbe.pdf,methane biocatalysis,23
Copy of Methane Biocatalysis - Selecting the Right Microbe.pdf,methanol,23
Copy of Methane Biocatalysis - Selecting the Right Microbe.pdf,mxa,23
Copy of Methane Biocatalysis - Selecting the Right Microbe.pdf,oxygen,23
Copy of Methane Biocatalysis - Selecting the Right Microbe.pdf,production,23
Copy of Methane Biocatalysis - Selecting the Right Microbe.pdf,assimilation,22
Copy of Methane Biocatalysis - Selecting the Right Microbe.pdf,isolate,22
Copy of Methane Biocatalysis - Selecting the Right Microbe.pdf,mol,22
Copy of Nguyen et al. 2021.pdf,al,227
Copy of Nguyen et al. 2021.pdf,et,199
Copy of Nguyen et al. 2021.pdf,et al,199
Copy of Nguyen et al. 2021.pdf,methanotroph,149
Copy of Nguyen et al. 2021.pdf,type,134
Copy of Nguyen et al. 2021.pdf,methane,125
Copy of Nguyen et al. 2021.pdf,ii,106
Copy of Nguyen et al. 2021.pdf,type ii,104
Copy of Nguyen et al. 2021.pdf,production,100
Copy of Nguyen et al. 2021.pdf,ii methanotroph,82
Copy of Nguyen et al. 2021.pdf,lee,72
Copy of Nguyen et al. 2021.pdf,trichosporium,66
Copy of Nguyen et al. 2021.pdf,coa,63
Copy of Nguyen et al. 2021.pdf,pathway,59
Copy of Nguyen et al. 2021.pdf,methanol,58
Copy of Nguyen et al. 2021.pdf,phb,54
Copy of Nguyen et al. 2021.pdf,metabolic,53
Copy of Nguyen et al. 2021.pdf,microbiol,42
Copy of Nguyen et al. 2021.pdf,engineering,38
Copy of Nguyen et al. 2021.pdf,nguyen,38
Copy of Nguyen et al. 2021.pdf,acid,36
Copy of Nguyen et al. 2021.pdf,methylocystis,36
Copy of Nguyen et al. 2021.pdf,sp,35
Copy of Nguyen et al. 2021.pdf,strain,34
Copy of Nguyen et al. 2021.pdf,kim,33
Copy of Nguyen et al. 2021.pdf,murrell,33
Copy of Nguyen et al. 2021.pdf,cycle,32
Copy of Nguyen et al. 2021.pdf,nitrogen,32
Copy of Nguyen et al. 2021.pdf,methylosinus,30
Copy of Nguyen et al. 2021.pdf,conversion,29
Copy of Nguyen et al. 2021.pdf,biotechnol,28
Copy of Nguyen et al. 2021.pdf,kalyuzhnaya,28
Copy of Nguyen et al. 2021.pdf,carbon,27
Copy of Nguyen et al. 2021.pdf,methanotrophic,27
Copy of Nguyen et al. 2021.pdf,lysine,26
Copy of Nguyen et al. 2021.pdf,metabolic engineering,26
Copy of Nguyen et al. 2021.pdf,growth,25
Copy of Nguyen et al. 2021.pdf,methylosinus trichosporium,24
Copy of Nguyen et al. 2021.pdf,nguyen et,23
Copy of Nguyen et al. 2021.pdf,product,23
Copy of Oh et al. 2019.pdf,ethanol,101
Copy of Oh et al. 2019.pdf,ethane,69
Copy of Oh et al. 2019.pdf,cell,37
Copy of Oh et al. 2019.pdf,production,36
Copy of Oh et al. 2019.pdf,methane,33
Copy of Oh et al. 2019.pdf,mm,31
Copy of Oh et al. 2019.pdf,ethane ethanol,24
Copy of Oh et al. 2019.pdf,mdh,24
Copy of Oh et al. 2019.pdf,conversion,23
Copy of Oh et al. 2019.pdf,edta,22
Copy of Oh et al. 2019.pdf,ethanol production,22
Copy of Oh et al. 2019.pdf,biocatalyst,20
Copy of Oh et al. 2019.pdf,methanol,20
Copy of Oh et al. 2019.pdf,methanotroph,20
Copy of Oh et al. 2019.pdf,reaction,20
Copy of Oh et al. 2019.pdf,formate,19
Copy of Oh et al. 2019.pdf,figure,18
Copy of Oh et al. 2019.pdf,trichosporium,18
Copy of Oh et al. 2019.pdf,phosphate,16
Copy of Oh et al. 2019.pdf,bioethanol,14
Copy of Oh et al. 2019.pdf,inhibitor,14
Copy of Oh et al. 2019.pdf,energy,13
Copy of Oh et al. 2019.pdf,lee,13
Copy of Oh et al. 2019.pdf,oxidation,12
Copy of Oh et al. 2019.pdf,bioconversion,11
Copy of Oh et al. 2019.pdf,effect,11
Copy of Oh et al. 2019.pdf,maximum,11
Copy of Oh et al. 2019.pdf,mm edta,11
Copy of Oh et al. 2019.pdf,mmo,11
Copy of Oh et al. 2019.pdf,phase,11
Copy of Oh et al. 2019.pdf,batch,10
Copy of Oh et al. 2019.pdf,ethanol concentration,10
Copy of Oh et al. 2019.pdf,mdh inhibitor,10
Copy of Oh et al. 2019.pdf,molecule,10
Copy of Oh et al. 2019.pdf,ph,10
Copy of Oh et al. 2019.pdf,pmmo,10
Copy of Oh et al. 2019.pdf,dcw,9
Copy of Oh et al. 2019.pdf,growth,9
Copy of Oh et al. 2019.pdf,liquid,9
Copy of Oh et al. 2019.pdf,methanotrophic,9
Copy of Park et al. 1991.pdf,cell,149
Copy of Park et al. 1991.pdf,growth,88
Copy of Park et al. 1991.pdf,culture,63
Copy of Park et al. 1991.pdf,nitrate,54
Copy of Park et al. 1991.pdf,activity,53
Copy of Park et al. 1991.pdf,bioreactor,49
Copy of Park et al. 1991.pdf,rate,46
Copy of Park et al. 1991.pdf,smmo,41
Copy of Park et al. 1991.pdf,density,36
Copy of Park et al. 1991.pdf,dry,35
Copy of Park et al. 1991.pdf,growth rate,35
Copy of Park et al. 1991.pdf,cell density,34
Copy of Park et al. 1991.pdf,wt,33
Copy of Park et al. 1991.pdf,mm,31
Copy of Park et al. 1991.pdf,cell growth,30
Copy of Park et al. 1991.pdf,flask,30
Copy of Park et al. 1991.pdf,culture medium,28
Copy of Park et al. 1991.pdf,figure,28
Copy of Park et al. 1991.pdf,mmo,28
Copy of Park et al. 1991.pdf,dry cell,27
Copy of Park et al. 1991.pdf,phosphate,27
Copy of Park et al. 1991.pdf,cell wt,26
Copy of Park et al. 1991.pdf,effect,26
Copy of Park et al. 1991.pdf,level,25
Copy of Park et al. 1991.pdf,time,25
Copy of Park et al. 1991.pdf,ph,24
Copy of Park et al. 1991.pdf,smmo activity,23
Copy of Park et al. 1991.pdf,fe,22
Copy of Park et al. 1991.pdf,batch,21
Copy of Park et al. 1991.pdf,propene,21
Copy of Park et al. 1991.pdf,methane,19
Copy of Park et al. 1991.pdf,min,19
Copy of Park et al. 1991.pdf,shake,19
Copy of Park et al. 1991.pdf,add,18
Copy of Park et al. 1991.pdf,final,17
Copy of Park et al. 1991.pdf,shake flask,17
Copy of Park et al. 1991.pdf,decrease,16
Copy of Park et al. 1991.pdf,trichosporium,16
Copy of Park et al. 1991.pdf,cu,15
Copy of Park et al. 1991.pdf,mixture,15
Copy of Patel et al. 2023.pdf,methanol,199
Copy of Patel et al. 2023.pdf,production,126
Copy of Patel et al. 2023.pdf,methanol production,116
Copy of Patel et al. 2023.pdf,cell,95
Copy of Patel et al. 2023.pdf,matrix,87
Copy of Patel et al. 2023.pdf,polymeric,78
Copy of Patel et al. 2023.pdf,np,74
Copy of Patel et al. 2023.pdf,encapsulate,69
Copy of Patel et al. 2023.pdf,methanotroph,68
Copy of Patel et al. 2023.pdf,mmol,61
Copy of Patel et al. 2023.pdf,biogas,57
Copy of Patel et al. 2023.pdf,free,56
Copy of Patel et al. 2023.pdf,activity,42
Copy of Patel et al. 2023.pdf,base,42
Copy of Patel et al. 2023.pdf,figure,42
Copy of Patel et al. 2023.pdf,simulated,40
Copy of Patel et al. 2023.pdf,simulated biogas,39
Copy of Patel et al. 2023.pdf,stellata,38
Copy of Patel et al. 2023.pdf,encapsulation,35
Copy of Patel et al. 2023.pdf,crossref,34
Copy of Patel et al. 2023.pdf,accumulation,33
Copy of Patel et al. 2023.pdf,encapsulate cell,33
Copy of Patel et al. 2023.pdf,feed,30
Copy of Patel et al. 2023.pdf,mmo,28
Copy of Patel et al. 2023.pdf,mg,26
Copy of Patel et al. 2023.pdf,methane,25
Copy of Patel et al. 2023.pdf,free cell,24
Copy of Patel et al. 2023.pdf,polymer,24
Copy of Patel et al. 2023.pdf,cu,23
Copy of Patel et al. 2023.pdf,mmo activity,23
Copy of Patel et al. 2023.pdf,presence,23
Copy of Patel et al. 2023.pdf,growth,22
Copy of Patel et al. 2023.pdf,exhibit,21
Copy of Patel et al. 2023.pdf,ml,21
Copy of Patel et al. 2023.pdf,compare,20
Copy of Patel et al. 2023.pdf,incubation,20
Copy of Patel et al. 2023.pdf,residual,19
Copy of Patel et al. 2023.pdf,oil,18
Copy of Patel et al. 2023.pdf,pure,18
Copy of Patel et al. 2023.pdf,bryophila,17
Copy of Pen et al. 2014.pdf,methanol,84
Copy of Pen et al. 2014.pdf,al,82
Copy of Pen et al. 2014.pdf,methane,65
Copy of Pen et al. 2014.pdf,et,62
Copy of Pen et al. 2014.pdf,et al,62
Copy of Pen et al. 2014.pdf,batch,48
Copy of Pen et al. 2014.pdf,ml,46
Copy of Pen et al. 2014.pdf,mbr,45
Copy of Pen et al. 2014.pdf,reaction,43
Copy of Pen et al. 2014.pdf,reactor,43
Copy of Pen et al. 2014.pdf,volume,42
Copy of Pen et al. 2014.pdf,oxygen,41
Copy of Pen et al. 2014.pdf,batch reactor,34
Copy of Pen et al. 2014.pdf,mm,34
Copy of Pen et al. 2014.pdf,bioreactor,33
Copy of Pen et al. 2014.pdf,cell,32
Copy of Pen et al. 2014.pdf,membrane,32
Copy of Pen et al. 2014.pdf,mg,32
Copy of Pen et al. 2014.pdf,production,32
Copy of Pen et al. 2014.pdf,biocatalyst,30
Copy of Pen et al. 2014.pdf,kim,28
Copy of Pen et al. 2014.pdf,bacteria,26
Copy of Pen et al. 2014.pdf,substrate,25
Copy of Pen et al. 2014.pdf,biocatalyst concentration,24
Copy of Pen et al. 2014.pdf,productivity,24
Copy of Pen et al. 2014.pdf,reaction medium,24
Copy of Pen et al. 2014.pdf,liquid,23
Copy of Pen et al. 2014.pdf,maximum,23
Copy of Pen et al. 2014.pdf,mass,22
Copy of Pen et al. 2014.pdf,vgas,22
Copy of Pen et al. 2014.pdf,bacterial,21
Copy of Pen et al. 2014.pdf,methanol concentration,21
Copy of Pen et al. 2014.pdf,obtain,21
Copy of Pen et al. 2014.pdf,rm,21
Copy of Pen et al. 2014.pdf,biohydroxylation,20
Copy of Pen et al. 2014.pdf,fig,19
Copy of Pen et al. 2014.pdf,min,19
Copy of Pen et al. 2014.pdf,report,19
Copy of Pen et al. 2014.pdf,vliq,19
Copy of Pen et al. 2014.pdf,air,18
Copy of Pontes et al 2009.pdf,method,46
Copy of Pontes et al 2009.pdf,ethanol,44
Copy of Pontes et al 2009.pdf,vh,33
Copy of Pontes et al 2009.pdf,methanol,32
Copy of Pontes et al 2009.pdf,acetaldehyde,30
Copy of Pontes et al 2009.pdf,day,30
Copy of Pontes et al 2009.pdf,matrix,30
Copy of Pontes et al 2009.pdf,acetone,27
Copy of Pontes et al 2009.pdf,sample,25
Copy of Pontes et al 2009.pdf,gc,24
Copy of Pontes et al 2009.pdf,mg,24
Copy of Pontes et al 2009.pdf,blood,23
Copy of Pontes et al 2009.pdf,chromatographic,22
Copy of Pontes et al 2009.pdf,ratio,22
Copy of Pontes et al 2009.pdf,compound,20
Copy of Pontes et al 2009.pdf,injection,20
Copy of Pontes et al 2009.pdf,precision,19
Copy of Pontes et al 2009.pdf,split,19
Copy of Pontes et al 2009.pdf,analysis,18
Copy of Pontes et al 2009.pdf,mean,18
Copy of Pontes et al 2009.pdf,day precision,17
Copy of Pontes et al 2009.pdf,min,17
Copy of Pontes et al 2009.pdf,peak,17
Copy of Pontes et al 2009.pdf,split ratio,16
Copy of Pontes et al 2009.pdf,ml,15
Copy of Pontes et al 2009.pdf,obtain,15
Copy of Pontes et al 2009.pdf,acetaldehyde acetone,14
Copy of Pontes et al 2009.pdf,april,14
Copy of Pontes et al 2009.pdf,calibration,14
Copy of Pontes et al 2009.pdf,human,14
Copy of Pontes et al 2009.pdf,volatile,14
Copy of Pontes et al 2009.pdf,curve,13
Copy of Pontes et al 2009.pdf,forensic,13
Copy of Pontes et al 2009.pdf,intra,13
Copy of Pontes et al 2009.pdf,intra day,13
Copy of Pontes et al 2009.pdf,mortem,13
Copy of Pontes et al 2009.pdf,time,13
Copy of Pontes et al 2009.pdf,column,12
Copy of Pontes et al 2009.pdf,determination,12
Copy of Pontes et al 2009.pdf,determine,12
Copy of Sahoo et al. 2021.pdf,al,124
Copy of Sahoo et al. 2021.pdf,et,118
Copy of Sahoo et al. 2021.pdf,et al,118
Copy of Sahoo et al. 2021.pdf,methane,112
Copy of Sahoo et al. 2021.pdf,methanol,80
Copy of Sahoo et al. 2021.pdf,methanotroph,77
Copy of Sahoo et al. 2021.pdf,doi,68
Copy of Sahoo et al. 2021.pdf,production,53
Copy of Sahoo et al. 2021.pdf,product,40
Copy of Sahoo et al. 2021.pdf,mixture,35
Copy of Sahoo et al. 2021.pdf,type,30
Copy of Sahoo et al. 2021.pdf,cell,29
Copy of Sahoo et al. 2021.pdf,methanotrophic,29
Copy of Sahoo et al. 2021.pdf,carbon,27
Copy of Sahoo et al. 2021.pdf,methylomicrobium,27
Copy of Sahoo et al. 2021.pdf,reactor,27
Copy of Sahoo et al. 2021.pdf,air,26
Copy of Sahoo et al. 2021.pdf,air mixture,25
Copy of Sahoo et al. 2021.pdf,report,25
Copy of Sahoo et al. 2021.pdf,methane air,23
Copy of Sahoo et al. 2021.pdf,patel,21
Copy of Sahoo et al. 2021.pdf,produce,21
Copy of Sahoo et al. 2021.pdf,transfer,20
Copy of Sahoo et al. 2021.pdf,oxidation,19
Copy of Sahoo et al. 2021.pdf,phb,19
Copy of Sahoo et al. 2021.pdf,metabolic,18
Copy of Sahoo et al. 2021.pdf,methylosinus,18
Copy of Sahoo et al. 2021.pdf,mmo,18
Copy of Sahoo et al. 2021.pdf,cycle,17
Copy of Sahoo et al. 2021.pdf,microbiol,17
Copy of Sahoo et al. 2021.pdf,reduction,17
Copy of Sahoo et al. 2021.pdf,value,17
Copy of Sahoo et al. 2021.pdf,methylocystis,16
Copy of Sahoo et al. 2021.pdf,utilize,16
Copy of Sahoo et al. 2021.pdf,xin,16
Copy of Sahoo et al. 2021.pdf,alcaliphilum,15
Copy of Sahoo et al. 2021.pdf,methylomicrobium alcaliphilum,15
Copy of Sahoo et al. 2021.pdf,pathway,15
Copy of Sahoo et al. 2021.pdf,bioreactor,14
Copy of Sahoo et al. 2021.pdf,formate,14
Copy of Sahoo et al. 2022.pdf,methanol,133
Copy of Sahoo et al. 2022.pdf,methane,106
Copy of Sahoo et al. 2022.pdf,al,79
Copy of Sahoo et al. 2022.pdf,et,75
Copy of Sahoo et al. 2022.pdf,et al,75
Copy of Sahoo et al. 2022.pdf,biomass,55
Copy of Sahoo et al. 2022.pdf,production,54
Copy of Sahoo et al. 2022.pdf,headspace,47
Copy of Sahoo et al. 2022.pdf,batch,45
Copy of Sahoo et al. 2022.pdf,growth,44
Copy of Sahoo et al. 2022.pdf,methanol production,43
Copy of Sahoo et al. 2022.pdf,stage,43
Copy of Sahoo et al. 2022.pdf,titer,40
Copy of Sahoo et al. 2022.pdf,reactor,38
Copy of Sahoo et al. 2022.pdf,rate,37
Copy of Sahoo et al. 2022.pdf,carbon,36
Copy of Sahoo et al. 2022.pdf,fig,35
Copy of Sahoo et al. 2022.pdf,model,34
Copy of Sahoo et al. 2022.pdf,methanotrophic,26
Copy of Sahoo et al. 2022.pdf,parameter,26
Copy of Sahoo et al. 2022.pdf,patel,24
Copy of Sahoo et al. 2022.pdf,value,24
Copy of Sahoo et al. 2022.pdf,cell,23
Copy of Sahoo et al. 2022.pdf,kinetic,23
Copy of Sahoo et al. 2022.pdf,methane concentration,23
Copy of Sahoo et al. 2022.pdf,methanol titer,23
Copy of Sahoo et al. 2022.pdf,methanotroph,23
Copy of Sahoo et al. 2022.pdf,organism,22
Copy of Sahoo et al. 2022.pdf,sahoo,20
Copy of Sahoo et al. 2022.pdf,air,19
Copy of Sahoo et al. 2022.pdf,profile,19
Copy of Sahoo et al. 2022.pdf,substrate,19
Copy of Sahoo et al. 2022.pdf,volume,19
Copy of Sahoo et al. 2022.pdf,liquid,18
Copy of Sahoo et al. 2022.pdf,mmo,18
Copy of Sahoo et al. 2022.pdf,patel et,18
Copy of Sahoo et al. 2022.pdf,second,18
Copy of Sahoo et al. 2022.pdf,carbon dioxide,17
Copy of Sahoo et al. 2022.pdf,dioxide,17
Copy of Sahoo et al. 2022.pdf,dissolve,17
Copy of Sahoo et al. 2023.pdf,methanol,115
Copy of Sahoo et al. 2023.pdf,methane,100
Copy of Sahoo et al. 2023.pdf,al,99
Copy of Sahoo et al. 2023.pdf,reactor,90
Copy of Sahoo et al. 2023.pdf,et,89
Copy of Sahoo et al. 2023.pdf,et al,89
Copy of Sahoo et al. 2023.pdf,biomass,66
Copy of Sahoo et al. 2023.pdf,production,61
Copy of Sahoo et al. 2023.pdf,transfer,57
Copy of Sahoo et al. 2023.pdf,mass,56
Copy of Sahoo et al. 2023.pdf,mass transfer,53
Copy of Sahoo et al. 2023.pdf,pressure,52
Copy of Sahoo et al. 2023.pdf,airlift,50
Copy of Sahoo et al. 2023.pdf,report,45
Copy of Sahoo et al. 2023.pdf,titer,44
Copy of Sahoo et al. 2023.pdf,methanol production,43
Copy of Sahoo et al. 2023.pdf,airlift reactor,42
Copy of Sahoo et al. 2023.pdf,sparger,39
Copy of Sahoo et al. 2023.pdf,draft,36
Copy of Sahoo et al. 2023.pdf,draft tube,35
Copy of Sahoo et al. 2023.pdf,tube,35
Copy of Sahoo et al. 2023.pdf,sahoo,33
Copy of Sahoo et al. 2023.pdf,carbon,29
Copy of Sahoo et al. 2023.pdf,cell,29
Copy of Sahoo et al. 2023.pdf,liquid,28
Copy of Sahoo et al. 2023.pdf,patel,28
Copy of Sahoo et al. 2023.pdf,rate,27
Copy of Sahoo et al. 2023.pdf,vector,27
Copy of Sahoo et al. 2023.pdf,methanotrophic,26
Copy of Sahoo et al. 2023.pdf,oil,25
Copy of Sahoo et al. 2023.pdf,sahoo et,25
Copy of Sahoo et al. 2023.pdf,pore,24
Copy of Sahoo et al. 2023.pdf,size,23
Copy of Sahoo et al. 2023.pdf,stage,22
Copy of Sahoo et al. 2023.pdf,effect,21
Copy of Sahoo et al. 2023.pdf,patel et,20
Copy of Sahoo et al. 2023.pdf,pore size,20
Copy of Sahoo et al. 2023.pdf,transfer vector,20
Copy of Sahoo et al. 2023.pdf,trichosporium,20
Copy of Sahoo et al. 2023.pdf,bar,19
Copy of Sheets et al. 2017.pdf,tbr,128
Copy of Sheets et al. 2017.pdf,phase,121
Copy of Sheets et al. 2017.pdf,biogas,110
Copy of Sheets et al. 2017.pdf,liquid,97
Copy of Sheets et al. 2017.pdf,methanol,88
Copy of Sheets et al. 2017.pdf,air,73
Copy of Sheets et al. 2017.pdf,ml,68
Copy of Sheets et al. 2017.pdf,ratio,63
Copy of Sheets et al. 2017.pdf,air ratio,56
Copy of Sheets et al. 2017.pdf,biogas air,53
Copy of Sheets et al. 2017.pdf,formate,53
Copy of Sheets et al. 2017.pdf,sample,52
Copy of Sheets et al. 2017.pdf,mmol,49
Copy of Sheets et al. 2017.pdf,removal,46
Copy of Sheets et al. 2017.pdf,reactor,45
Copy of Sheets et al. 2017.pdf,day,42
Copy of Sheets et al. 2017.pdf,production,42
Copy of Sheets et al. 2017.pdf,rate,38
Copy of Sheets et al. 2017.pdf,pack,37
Copy of Sheets et al. 2017.pdf,fig,36
Copy of Sheets et al. 2017.pdf,mass,35
Copy of Sheets et al. 2017.pdf,bed,34
Copy of Sheets et al. 2017.pdf,headspace,34
Copy of Sheets et al. 2017.pdf,biomass,31
Copy of Sheets et al. 2017.pdf,order,31
Copy of Sheets et al. 2017.pdf,table,31
Copy of Sheets et al. 2017.pdf,min,29
Copy of Sheets et al. 2017.pdf,volume,29
Copy of Sheets et al. 2017.pdf,methanol production,28
Copy of Sheets et al. 2017.pdf,methanotroph,28
Copy of Sheets et al. 2017.pdf,nms,28
Copy of Sheets et al. 2017.pdf,methanotrophic,26
Copy of Sheets et al. 2017.pdf,od,25
Copy of Sheets et al. 2017.pdf,sequence,25
Copy of Sheets et al. 2017.pdf,transfer,25
Copy of Sheets et al. 2017.pdf,conversion,24
Copy of Sheets et al. 2017.pdf,ml min,24
Copy of Sheets et al. 2017.pdf,circulation,23
Copy of Sheets et al. 2017.pdf,mass transfer,23
Copy of Sheets et al. 2017.pdf,operate,23
Copy of Soo et al. 2018.pdf,trichosporium,50
Copy of Soo et al. 2018.pdf,al,38
Copy of Soo et al. 2018.pdf,et,38
Copy of Soo et al. 2018.pdf,et al,38
Copy of Soo et al. 2018.pdf,cell,33
Copy of Soo et al. 2018.pdf,dna,33
Copy of Soo et al. 2018.pdf,gene,30
Copy of Soo et al. 2018.pdf,methanotroph,30
Copy of Soo et al. 2018.pdf,plate,29
Copy of Soo et al. 2018.pdf,methane,28
Copy of Soo et al. 2018.pdf,genetic,24
Copy of Soo et al. 2018.pdf,method,20
Copy of Soo et al. 2018.pdf,murrell,20
Copy of Soo et al. 2018.pdf,pcr,20
Copy of Soo et al. 2018.pdf,plasmid,20
Copy of Soo et al. 2018.pdf,rosenzweig,20
Copy of Soo et al. 2018.pdf,strain,20
Copy of Soo et al. 2018.pdf,type,19
Copy of Soo et al. 2018.pdf,manipulation,17
Copy of Soo et al. 2018.pdf,genetic manipulation,15
Copy of Soo et al. 2018.pdf,agar,14
Copy of Soo et al. 2018.pdf,coli,14
Copy of Soo et al. 2018.pdf,microbiology,14
Copy of Soo et al. 2018.pdf,semrau,14
Copy of Soo et al. 2018.pdf,smith,13
Copy of Soo et al. 2018.pdf,conjugation,12
Copy of Soo et al. 2018.pdf,culture,12
Copy of Soo et al. 2018.pdf,electroporation,12
Copy of Soo et al. 2018.pdf,methylosinus,12
Copy of Soo et al. 2018.pdf,table,12
Copy of Soo et al. 2018.pdf,copper,11
Copy of Soo et al. 2018.pdf,fig,11
Copy of Soo et al. 2018.pdf,fragment,11
Copy of Soo et al. 2018.pdf,kalyuzhnaya,11
Copy of Soo et al. 2018.pdf,methylosinus trichosporium,11
Copy of Soo et al. 2018.pdf,selection,11
Copy of Soo et al. 2018.pdf,agar plate,10
Copy of Soo et al. 2018.pdf,dna fragment,10
Copy of Soo et al. 2018.pdf,environmental,10
Copy of Soo et al. 2018.pdf,gu,10
Copy of Strong et al. 2016.pdf,methane,99
Copy of Strong et al. 2016.pdf,al,92
Copy of Strong et al. 2016.pdf,et,81
Copy of Strong et al. 2016.pdf,et al,81
Copy of Strong et al. 2016.pdf,protein,66
Copy of Strong et al. 2016.pdf,methanotroph,54
Copy of Strong et al. 2016.pdf,product,49
Copy of Strong et al. 2016.pdf,tonne,48
Copy of Strong et al. 2016.pdf,reactor,47
Copy of Strong et al. 2016.pdf,cell,43
Copy of Strong et al. 2016.pdf,ectoine,43
Copy of Strong et al. 2016.pdf,phb,35
Copy of Strong et al. 2016.pdf,production,35
Copy of Strong et al. 2016.pdf,stage,32
Copy of Strong et al. 2016.pdf,waste,30
Copy of Strong et al. 2016.pdf,acid,29
Copy of Strong et al. 2016.pdf,surface,29
Copy of Strong et al. 2016.pdf,biomass,27
Copy of Strong et al. 2016.pdf,generate,27
Copy of Strong et al. 2016.pdf,bacteria,25
Copy of Strong et al. 2016.pdf,organic,25
Copy of Strong et al. 2016.pdf,potential,25
Copy of Strong et al. 2016.pdf,single,25
Copy of Strong et al. 2016.pdf,methanotrophic,23
Copy of Strong et al. 2016.pdf,recovery,23
Copy of Strong et al. 2016.pdf,base,22
Copy of Strong et al. 2016.pdf,layer,20
Copy of Strong et al. 2016.pdf,require,20
Copy of Strong et al. 2016.pdf,carbon,19
Copy of Strong et al. 2016.pdf,yield,19
Copy of Strong et al. 2016.pdf,content,18
Copy of Strong et al. 2016.pdf,growth,18
Copy of Strong et al. 2016.pdf,kalyuzhnaya,18
Copy of Strong et al. 2016.pdf,lipid,18
Copy of Strong et al. 2016.pdf,surface layer,18
Copy of Strong et al. 2016.pdf,volume,18
Copy of Strong et al. 2016.pdf,methylomicrobium,17
Copy of Strong et al. 2016.pdf,strong,17
Copy of Strong et al. 2016.pdf,khmelenina,16
Copy of Strong et al. 2016.pdf,methanobactin,16
Copy of Sy et al 2023.pdf,ethanol,69
Copy of Sy et al 2023.pdf,methanol,61
Copy of Sy et al 2023.pdf,ml,48
Copy of Sy et al 2023.pdf,water,47
Copy of Sy et al 2023.pdf,sample,43
Copy of Sy et al 2023.pdf,standard,39
Copy of Sy et al 2023.pdf,peak,37
Copy of Sy et al 2023.pdf,method,34
Copy of Sy et al 2023.pdf,solution,31
Copy of Sy et al 2023.pdf,volumetric,30
Copy of Sy et al 2023.pdf,ﬂask,26
Copy of Sy et al 2023.pdf,calculate,23
Copy of Sy et al 2023.pdf,determination,23
Copy of Sy et al 2023.pdf,ol,23
Copy of Sy et al 2023.pdf,determine,22
Copy of Sy et al 2023.pdf,value,22
Copy of Sy et al 2023.pdf,gc,21
Copy of Sy et al 2023.pdf,headspace,19
Copy of Sy et al 2023.pdf,analysis,18
Copy of Sy et al 2023.pdf,curve,18
Copy of Sy et al 2023.pdf,area,17
Copy of Sy et al 2023.pdf,beverage,17
Copy of Sy et al 2023.pdf,calibration,17
Copy of Sy et al 2023.pdf,international,17
Copy of Sy et al 2023.pdf,level,17
Copy of Sy et al 2023.pdf,mass,17
Copy of Sy et al 2023.pdf,vial,17
Copy of Sy et al 2023.pdf,mg,16
Copy of Sy et al 2023.pdf,peak area,16
Copy of Sy et al 2023.pdf,test,16
Copy of Sy et al 2023.pdf,time,15
Copy of Sy et al 2023.pdf,ferment,14
Copy of Sy et al 2023.pdf,cap,13
Copy of Sy et al 2023.pdf,intermediate,13
Copy of Sy et al 2023.pdf,matrix,13
Copy of Sy et al 2023.pdf,ml volumetric,13
Copy of Sy et al 2023.pdf,ms,13
Copy of Sy et al 2023.pdf,range,13
Copy of Sy et al 2023.pdf,add,12
Copy of Sy et al 2023.pdf,analyze,12
Copy of Takeguchi et al. 1997.pdf,methanol,62
Copy of Takeguchi et al. 1997.pdf,cell,44
Copy of Takeguchi et al. 1997.pdf,activity,35
Copy of Takeguchi et al. 1997.pdf,trichosporium,34
Copy of Takeguchi et al. 1997.pdf,reaction,27
Copy of Takeguchi et al. 1997.pdf,cu,22
Copy of Takeguchi et al. 1997.pdf,cyclopropanol,21
Copy of Takeguchi et al. 1997.pdf,dry,17
Copy of Takeguchi et al. 1997.pdf,dry cell,17
Copy of Takeguchi et al. 1997.pdf,mdh,17
Copy of Takeguchi et al. 1997.pdf,methane,17
Copy of Takeguchi et al. 1997.pdf,cu concentration,16
Copy of Takeguchi et al. 1997.pdf,accumulation,15
Copy of Takeguchi et al. 1997.pdf,methanol accumulation,15
Copy of Takeguchi et al. 1997.pdf,mmo,15
Copy of Takeguchi et al. 1997.pdf,effect,14
Copy of Takeguchi et al. 1997.pdf,ml,14
Copy of Takeguchi et al. 1997.pdf,mm,14
Copy of Takeguchi et al. 1997.pdf,naphthalene,13
Copy of Takeguchi et al. 1997.pdf,grow,12
Copy of Takeguchi et al. 1997.pdf,mdh activity,12
Copy of Takeguchi et al. 1997.pdf,phosphate,12
Copy of Takeguchi et al. 1997.pdf,assay,11
Copy of Takeguchi et al. 1997.pdf,buffer,11
Copy of Takeguchi et al. 1997.pdf,formate,11
Copy of Takeguchi et al. 1997.pdf,ph,11
Copy of Takeguchi et al. 1997.pdf,propene,11
Copy of Takeguchi et al. 1997.pdf,rate,11
Copy of Takeguchi et al. 1997.pdf,sodium,11
Copy of Takeguchi et al. 1997.pdf,applied,10
Copy of Takeguchi et al. 1997.pdf,applied biochemistry,10
Copy of Takeguchi et al. 1997.pdf,biochemistry,10
Copy of Takeguchi et al. 1997.pdf,fig,10
Copy of Takeguchi et al. 1997.pdf,methanol synthesis,10
Copy of Takeguchi et al. 1997.pdf,phosphate buffer,10
Copy of Takeguchi et al. 1997.pdf,sodium formate,10
Copy of Takeguchi et al. 1997.pdf,synthesis,10
Copy of Takeguchi et al. 1997.pdf,vol,10
Copy of Takeguchi et al. 1997.pdf,biochemistry biotechnology,9
Copy of Takeguchi et al. 1997.pdf,biotechnology,9
Copy of Wohlgemuth et al. 2015.pdf,microreactor,97
Copy of Wohlgemuth et al. 2015.pdf,reaction,79
Copy of Wohlgemuth et al. 2015.pdf,al,71
Copy of Wohlgemuth et al. 2015.pdf,et,71
Copy of Wohlgemuth et al. 2015.pdf,et al,71
Copy of Wohlgemuth et al. 2015.pdf,reactor,71
Copy of Wohlgemuth et al. 2015.pdf,enzyme,68
Copy of Wohlgemuth et al. 2015.pdf,synthesis,51
Copy of Wohlgemuth et al. 2015.pdf,system,47
Copy of Wohlgemuth et al. 2015.pdf,biocatalyst,41
Copy of Wohlgemuth et al. 2015.pdf,microscale,41
Copy of Wohlgemuth et al. 2015.pdf,continuous,38
Copy of Wohlgemuth et al. 2015.pdf,microﬂuidic,38
Copy of Wohlgemuth et al. 2015.pdf,ﬂow,37
Copy of Wohlgemuth et al. 2015.pdf,scale,34
Copy of Wohlgemuth et al. 2015.pdf,product,33
Copy of Wohlgemuth et al. 2015.pdf,development,31
Copy of Wohlgemuth et al. 2015.pdf,manufacturing,30
Copy of Wohlgemuth et al. 2015.pdf,phase,29
Copy of Wohlgemuth et al. 2015.pdf,surface,29
Copy of Wohlgemuth et al. 2015.pdf,technology,29
Copy of Wohlgemuth et al. 2015.pdf,chem,28
Copy of Wohlgemuth et al. 2015.pdf,biocatalytic,27
Copy of Wohlgemuth et al. 2015.pdf,time,27
Copy of Wohlgemuth et al. 2015.pdf,microchannel,24
Copy of Wohlgemuth et al. 2015.pdf,batch,22
Copy of Wohlgemuth et al. 2015.pdf,cell,22
Copy of Wohlgemuth et al. 2015.pdf,production,22
Copy of Wohlgemuth et al. 2015.pdf,liquid,21
Copy of Wohlgemuth et al. 2015.pdf,base,20
Copy of Wohlgemuth et al. 2015.pdf,immobilization,20
Copy of Wohlgemuth et al. 2015.pdf,integrate,20
Copy of Wohlgemuth et al. 2015.pdf,control,19
Copy of Wohlgemuth et al. 2015.pdf,enzymatic,19
Copy of Wohlgemuth et al. 2015.pdf,membrane,19
Copy of Wohlgemuth et al. 2015.pdf,separation,19
Copy of Wohlgemuth et al. 2015.pdf,biocatalytic process,18
Copy of Wohlgemuth et al. 2015.pdf,bioprocess,18
Copy of Wohlgemuth et al. 2015.pdf,biotechnology,18
Copy of Wohlgemuth et al. 2015.pdf,processing,18
Copy of Xin et al. 2007.pdf,cell,115
Copy of Xin et al. 2007.pdf,phb,113
Copy of Xin et al. 2007.pdf,methanol,110
Copy of Xin et al. 2007.pdf,production,50
Copy of Xin et al. 2007.pdf,methanol production,44
Copy of Xin et al. 2007.pdf,reduce,41
Copy of Xin et al. 2007.pdf,carbon,40
Copy of Xin et al. 2007.pdf,dioxide,36
Copy of Xin et al. 2007.pdf,carbon dioxide,34
Copy of Xin et al. 2007.pdf,methane,34
Copy of Xin et al. 2007.pdf,content,32
Copy of Xin et al. 2007.pdf,phb content,31
Copy of Xin et al. 2007.pdf,batch,28
Copy of Xin et al. 2007.pdf,imv,28
Copy of Xin et al. 2007.pdf,trichosporium,27
Copy of Xin et al. 2007.pdf,capacity,25
Copy of Xin et al. 2007.pdf,tion,25
Copy of Xin et al. 2007.pdf,reaction,24
Copy of Xin et al. 2007.pdf,trichosporium imv,24
Copy of Xin et al. 2007.pdf,reduction,23
Copy of Xin et al. 2007.pdf,accumulation,22
Copy of Xin et al. 2007.pdf,ml,20
Copy of Xin et al. 2007.pdf,content cell,18
Copy of Xin et al. 2007.pdf,dehydrogenase,18
Copy of Xin et al. 2007.pdf,phb accumulation,18
Copy of Xin et al. 2007.pdf,production capacity,18
Copy of Xin et al. 2007.pdf,total,18
Copy of Xin et al. 2007.pdf,al,16
Copy of Xin et al. 2007.pdf,methanotrophic,16
Copy of Xin et al. 2007.pdf,culture,15
Copy of Xin et al. 2007.pdf,equivalent,15
Copy of Xin et al. 2007.pdf,mass,15
Copy of Xin et al. 2007.pdf,reduce equivalent,15
Copy of Xin et al. 2007.pdf,synthesis,15
Copy of Xin et al. 2007.pdf,total methanol,15
Copy of Xin et al. 2007.pdf,cell mass,14
Copy of Xin et al. 2007.pdf,cu,14
Copy of Xin et al. 2007.pdf,methanotroph,14
Copy of Xin et al. 2007.pdf,source,14
Copy of Xin et al. 2007.pdf,bacteria,13
Copy of Xin et al. 2017.pdf,epoxyethane,102
Copy of Xin et al. 2017.pdf,production,56
Copy of Xin et al. 2017.pdf,ethylene,53
Copy of Xin et al. 2017.pdf,cell,44
Copy of Xin et al. 2017.pdf,epoxidation,38
Copy of Xin et al. 2017.pdf,methane,35
Copy of Xin et al. 2017.pdf,journal,33
Copy of Xin et al. 2017.pdf,vol,25
Copy of Xin et al. 2017.pdf,methylosinus,24
Copy of Xin et al. 2017.pdf,trichosporium,24
Copy of Xin et al. 2017.pdf,imv,23
Copy of Xin et al. 2017.pdf,reaction,22
Copy of Xin et al. 2017.pdf,capacity,21
Copy of Xin et al. 2017.pdf,effect,21
Copy of Xin et al. 2017.pdf,methanol,21
Copy of Xin et al. 2017.pdf,methylosinus trichosporium,21
Copy of Xin et al. 2017.pdf,production capacity,21
Copy of Xin et al. 2017.pdf,trichosporium imv,21
Copy of Xin et al. 2017.pdf,chemistry,20
Copy of Xin et al. 2017.pdf,volume,20
Copy of Xin et al. 2017.pdf,batch,19
Copy of Xin et al. 2017.pdf,corporation,19
Copy of Xin et al. 2017.pdf,mmo,19
Copy of Xin et al. 2017.pdf,pp,19
Copy of Xin et al. 2017.pdf,publishing,19
Copy of Xin et al. 2017.pdf,vol pp,19
Copy of Xin et al. 2017.pdf,mmol,17
Copy of Xin et al. 2017.pdf,nadh,17
Copy of Xin et al. 2017.pdf,cell suspension,16
Copy of Xin et al. 2017.pdf,suspension,16
Copy of Xin et al. 2017.pdf,experiment,14
Copy of Xin et al. 2017.pdf,figure,14
Copy of Xin et al. 2017.pdf,time,13
Copy of Xin et al. 2017.pdf,phase,12
Copy of Xin et al. 2017.pdf,regeneration,12
Copy of Xin et al. 2017.pdf,nmol,11
Copy of Xin et al. 2017.pdf,synthesis,11
Copy of Xin et al. 2017.pdf,gas phase,10
Copy of Xin et al. 2017.pdf,min,10
Copy of Xin et al. 2017.pdf,batch experiment,9
Copy of Yu et al. 2009.pdf,methanol,89
Copy of Yu et al. 2009.pdf,methane,46
Copy of Yu et al. 2009.pdf,smmo,43
Copy of Yu et al. 2009.pdf,growth,42
Copy of Yu et al. 2009.pdf,al,35
Copy of Yu et al. 2009.pdf,biomass,35
Copy of Yu et al. 2009.pdf,activity,29
Copy of Yu et al. 2009.pdf,et,29
Copy of Yu et al. 2009.pdf,et al,29
Copy of Yu et al. 2009.pdf,rate,29
Copy of Yu et al. 2009.pdf,trichosporium,27
Copy of Yu et al. 2009.pdf,fermentation,24
Copy of Yu et al. 2009.pdf,production,24
Copy of Yu et al. 2009.pdf,feeding,23
Copy of Yu et al. 2009.pdf,batch,22
Copy of Yu et al. 2009.pdf,grow,21
Copy of Yu et al. 2009.pdf,smmo activity,20
Copy of Yu et al. 2009.pdf,methanol concentration,19
Copy of Yu et al. 2009.pdf,carbon,18
Copy of Yu et al. 2009.pdf,culture,18
Copy of Yu et al. 2009.pdf,control,17
Copy of Yu et al. 2009.pdf,fig,17
Copy of Yu et al. 2009.pdf,produce,16
Copy of Yu et al. 2009.pdf,methanotroph,15
Copy of Yu et al. 2009.pdf,methylosinus,15
Copy of Yu et al. 2009.pdf,ml,15
Copy of Yu et al. 2009.pdf,fed,14
Copy of Yu et al. 2009.pdf,feed,14
Copy of Yu et al. 2009.pdf,growth rate,14
Copy of Yu et al. 2009.pdf,carbon dioxide,13
Copy of Yu et al. 2009.pdf,dioxide,13
Copy of Yu et al. 2009.pdf,maintain,13
Copy of Yu et al. 2009.pdf,methylosinus trichosporium,13
Copy of Yu et al. 2009.pdf,substrate,13
Copy of Yu et al. 2009.pdf,density,12
Copy of Yu et al. 2009.pdf,microbiol,12
Copy of Yu et al. 2009.pdf,fed batch,11
Copy of Yu et al. 2009.pdf,type,11
Copy of Yu et al. 2009.pdf,allylthiourea,10
Copy of Yu et al. 2009.pdf,aqueous,10
Copy of Zhan et al. 2020 10.20.02 AM.pdf,methanol,171
Copy of Zhan et al. 2020 10.20.02 AM.pdf,al,157
Copy of Zhan et al. 2020 10.20.02 AM.pdf,et,145
Copy of Zhan et al. 2020 10.20.02 AM.pdf,et al,142
Copy of Zhan et al. 2020 10.20.02 AM.pdf,pathway,108
Copy of Zhan et al. 2020 10.20.02 AM.pdf,formaldehyde,45
Copy of Zhan et al. 2020 10.20.02 AM.pdf,engineering,42
Copy of Zhan et al. 2020 10.20.02 AM.pdf,metabolic,41
Copy of Zhan et al. 2020 10.20.02 AM.pdf,utilization,37
Copy of Zhan et al. 2020 10.20.02 AM.pdf,carbon,36
Copy of Zhan et al. 2020 10.20.02 AM.pdf,energy,35
Copy of Zhan et al. 2020 10.20.02 AM.pdf,methylotrophic,31
Copy of Zhan et al. 2020 10.20.02 AM.pdf,biotechnology,30
Copy of Zhan et al. 2020 10.20.02 AM.pdf,synthetic,28
Copy of Zhan et al. 2020 10.20.02 AM.pdf,cell,27
Copy of Zhan et al. 2020 10.20.02 AM.pdf,wiley,27
Copy of Zhan et al. 2020 10.20.02 AM.pdf,library,26
Copy of Zhan et al. 2020 10.20.02 AM.pdf,online,26
Copy of Zhan et al. 2020 10.20.02 AM.pdf,online library,26
Copy of Zhan et al. 2020 10.20.02 AM.pdf,wiley online,26
Copy of Zhan et al. 2020 10.20.02 AM.pdf,cycle,25
Copy of Zhan et al. 2020 10.20.02 AM.pdf,source,25
Copy of Zhan et al. 2020 10.20.02 AM.pdf,methanol utilization,24
Copy of Zhan et al. 2020 10.20.02 AM.pdf,journal,23
Copy of Zhan et al. 2020 10.20.02 AM.pdf,pastoris,23
Copy of Zhan et al. 2020 10.20.02 AM.pdf,use,23
Copy of Zhan et al. 2020 10.20.02 AM.pdf,yeast,23
Copy of Zhan et al. 2020 10.20.02 AM.pdf,mol,22
Copy of Zhan et al. 2020 10.20.02 AM.pdf,nadh,22
Copy of Zhan et al. 2020 10.20.02 AM.pdf,coli,21
Copy of Zhan et al. 2020 10.20.02 AM.pdf,dehydrogenase,21
Copy of Zhan et al. 2020 10.20.02 AM.pdf,production,21
Copy of Zhan et al. 2020 10.20.02 AM.pdf,engineer,19
Copy of Zhan et al. 2020 10.20.02 AM.pdf,microbial,19
Copy of Zhan et al. 2020 10.20.02 AM.pdf,zhan,19
Copy of Zhan et al. 2020 10.20.02 AM.pdf,zhang,19
Copy of Zhan et al. 2020 10.20.02 AM.pdf,chen,18
Copy of Zhan et al. 2020 10.20.02 AM.pdf,intermediate,18
Copy of Zhan et al. 2020 10.20.02 AM.pdf,module,18
Copy of Zhan et al. 2020 10.20.02 AM.pdf,pichia,18
